GeneSym,protein
A1CF,29974
A2M,2
AAAS,8086
AAMDC,28971
AAR2,25980
AARSD1,80755
AATF,26574
AATK,9625
ABAT,18
ABCA12,26154
ABCA13,154664
ABCA2,20
ABCA6,23460
ABCB1,5243
ABCB10,23456
ABCB11,8647
ABCB4,5244
ABCB6,10058
ABCB7,22
ABCB8,11194
ABCB9,23457
ABCC12,94160
ABCC2,1244
ABCC4,10257
ABCC6,368
ABCC8,6833
ABCC9,10060
ABCD2,225
ABCF1,23
ABCF2,10061
ABCF3,55324
ABCG1,9619
ABCG4,64137
ABCG8,64241
ABHD1,84696
ABHD12,26090
ABI2,10152
ABL1,25
ABL2,27
ABLIM1,3983
ABTB1,80325
ACAA2,10449
ACACA,31
ACAD10,80724
ACAD9,28976
ACADM,34
ACADS,35
ACAN,176
ACAP3,116983
ACBD6,84320
ACD,65057
ACE2,59272
ACHE,43
ACKR1,2532
ACMSD,130013
ACOT13,55856
ACOT8,10005
ACOT9,23597
ACOX1,51
ACOXL,55289
ACP1,52
ACP6,51205
ACPP,55
ACRBP,84519
ACSBG1,23205
ACSF2,80221
ACSF3,197322
ACSL3,2181
ACSL6,23305
ACSS3,79611
ACTA1,58
ACTB,60
ACTG1,71
ACTL6A,86
ACTL7B,10880
ACTN3,89
ACTN4,81
ACTR2,10097
ACTR3,10096
ACTR5,79913
ACTR6,64431
ACVR2A,92
ADA,100
ADAM10,102
ADAM17,6868
ADAM2,2515
ADAM28,10863
ADAM33,80332
ADAMTS13,11093
ADAMTSL2,9719
ADAMTSL3,57188
ADAMTSL4,54507
ADAP1,11033
ADAT1,23536
ADAT3,113179
ADCK4,79934
ADCY2,108
ADCY5,111
ADCY7,113
ADCY8,114
ADCYAP1R1,117
ADD3,120
ADH1A,124
ADH1B,125
ADH1C,126
ADH4,127
ADH5,128
ADH6,130
ADHFE1,137872
ADI1,55256
ADIPOQ,9370
ADIPOR1,51094
ADIRF,10974
ADK,132
ADM5,199800
ADNP,23394
ADORA2A,135
ADORA3,140
ADPRM,56985
ADRA2B,151
ADRA2C,152
ADRB1,153
ADRBK2,157
AEBP2,121536
AES,166
AFF1,4299
AFF2,2334
AFF4,27125
AFG3L1P,172
AFTPH,54812
AGA,175
AGBL2,79841
AGFG1,3267
AGGF1,55109
AGL,178
AGO1,26523
AGO2,27161
AGO4,192670
AGPAT1,10554
AGPAT3,56894
AGPAT4,56895
AGPAT6,137964
AGPS,8540
AGR2,10551
AGR3,155465
AGRN,375790
AGT,183
AGTPBP1,23287
AGXT2,64902
AHCTF1,25909
AHR,196
AHSG,197
AIFM1,9131
AIFM2,84883
AIFM3,150209
AIG1,51390
AIM2,9447
AIMP1,9255
AIP,9049
AIRE,326
AK2,204
AK7,122481
AK8,158067
AK9,221264
AKAP4,8852
AKAP7,9465
AKAP8,10270
AKAP8L,26993
AKAP9,10142
AKIP1,56672
AKIRIN1,79647
AKIRIN2,55122
AKNA,80709
AKR1A1,10327
AKR1B1,231
AKR1B10,57016
AKR1C1,1645
AKR1C4,1109
AKR7A3,22977
AKT1,207
AKT1S1,84335
AKT2,208
AKTIP,64400
ALAD,210
ALB,213
ALDH1A2,8854
ALDH2,217
ALDH3A1,218
ALDH3B1,221
ALDH3B2,222
ALDH4A1,8659
ALDH6A1,4329
ALDH9A1,223
ALG10B,144245
ALG13,79868
ALG14,199857
ALG3,10195
ALK,238
ALKBH1,8846
ALKBH7,84266
ALMS1,7840
ALOX15B,247
ALOX5,240
ALOXE3,59344
ALPK3,57538
ALPP,250
ALPPL2,251
ALS2CL,259173
ALS2CR11,151254
ALS2CR12,130540
ALX1,8092
ALX4,60529
AMBRA1,55626
AMD1,262
AMELX,265
AMFR,267
AMHR2,269
AMIGO3,386724
AMMECR1L,83607
AMN,81693
AMOT,154796
AMZ2,51321
ANAPC11,51529
ANAPC15,25906
ANAPC16,119504
ANAPC4,29945
ANAPC7,51434
ANGEL2,90806
ANGPT2,285
ANGPTL1,9068
ANGPTL3,27329
ANGPTL6,83854
ANK3,288
ANKAR,150709
ANKFY1,51479
ANKH,56172
ANKHD1,54882
ANKRA2,57763
ANKRD10,55608
ANKRD11,29123
ANKRD13A,88455
ANKRD13D,338692
ANKRD17,26057
ANKRD18A,253650
ANKRD2,26287
ANKRD23,200539
ANKRD28,23243
ANKRD30A,91074
ANKRD31,256006
ANKRD32,84250
ANKRD39,51239
ANKRD53,79998
ANKRD54,129138
ANKS1B,56899
ANO2,57101
ANO3,63982
ANO5,203859
ANO6,196527
ANP32C,23520
ANXA10,11199
ANXA13,312
ANXA9,8416
AOC3,8639
AP1B1,162
AP1G1,164
AP1M1,8907
AP1S1,1174
AP1S2,8905
AP1S3,130340
AP2A2,161
AP2B1,163
AP2M1,1173
AP3B1,8546
AP3D1,8943
AP3M1,26985
AP4B1,10717
AP4E1,23431
AP5M1,55745
AP5Z1,9907
APAF1,317
APBA3,9546
APBB1IP,54518
APC2,10297
APCDD1,147495
APEH,327
APH1B,83464
API5,8539
APITD1,378708
APLF,200558
APLN,8862
APLNR,187
APLP1,333
APOA1,335
APOA4,337
APOB,338
APOBEC2,10930
APOBEC3C,27350
APOBEC3D,140564
APOC1,341
APOC3,345
APOD,347
APOE,348
APOF,319
APOH,350
APOL5,80831
APOLD1,81575
APOO,79135
APPBP2,10513
APRT,353
APTX,54840
AQP4,361
AQP5,362
AQR,9716
AR,367
ARAP1,116985
ARAP3,64411
ARC,23237
ARCN1,372
ARF1,375
ARFGEF2,10564
ARFIP1,27236
ARFIP2,23647
ARG2,384
ARHGAP1,392
ARHGAP12,94134
ARHGAP17,55114
ARHGAP18,93663
ARHGAP19,84986
ARHGAP20,57569
ARHGAP21,57584
ARHGAP23,57636
ARHGAP25,9938
ARHGAP32,9743
ARHGAP33,115703
ARHGAP6,395
ARHGAP9,64333
ARHGEF1,9138
ARHGEF15,22899
ARHGEF16,27237
ARHGEF18,23370
ARHGEF2,9181
ARHGEF26,26084
ARHGEF40,55701
ARHGEF7,8874
ARID1B,57492
ARID3A,1820
ARID4B,51742
ARID5A,10865
ARIH2,10425
ARL1,400
ARL10,285598
ARL13B,200894
ARL16,339231
ARL2BP,23568
ARL3,403
ARL6,84100
ARL6IP1,23204
ARL6IP5,10550
ARL8A,127829
ARMC10,83787
ARMC2,84071
ARMC5,79798
ARMC6,93436
ARMC7,79637
ARMC8,25852
ARMC9,80210
ARMCX3,51566
ARPC4,10093
ARPIN,348110
ARPP19,10776
ARPP21,10777
ARR3,407
ARRB2,409
ARRDC1,92714
ARRDC1-AS1,85026
ARRDC4,91947
ARSA,410
ARSE,415
ARSF,416
ARSI,340075
ARSK,153642
ART4,420
ARTN,9048
ARV1,64801
ASB10,136371
ASB11,140456
ASB12,142689
ASB15,142685
ASB16,92591
ASB17,127247
ASB4,51666
ASB5,140458
ASB8,140461
ASB9,140462
ASCC2,84164
ASCL1,429
ASCL2,430
ASF1A,25842
ASGR1,432
ASGR2,433
ASH1L,55870
ASH2L,9070
ASIC1,41
ASIC2,40
ASIC3,9311
ASNA1,439
ASPH,444
ASPRV1,151516
ASPSCR1,79058
ASRGL1,80150
ASXL1,171023
ASXL2,55252
ASZ1,136991
ATAD1,84896
ATAD2B,54454
ATAD3C,219293
ATAD5,79915
ATF1,466
ATF3,467
ATF6B,1388
ATF7,11016
ATF7IP,55729
ATG101,60673
ATG2A,23130
ATG2B,55102
ATG4A,115201
ATG4B,23192
ATG4D,84971
ATL2,64225
ATL3,25923
ATMIN,23300
ATN1,1822
ATOH1,474
ATP10D,57205
ATP11A,23250
ATP11B,23200
ATP12A,479
ATP13A1,57130
ATP1A1,476
ATP1A3,478
ATP2A1,487
ATP2A2,488
ATP2B3,492
ATP2C1,27032
ATP2C2,9914
ATP5B,506
ATP5D,513
ATP5I,521
ATP5S,27109
ATP6AP1,537
ATP6V0B,533
ATP6V0D1,9114
ATP6V0D2,245972
ATP6V0E2,155066
ATP6V1A,523
ATP6V1B1,525
ATP6V1E1,529
ATP6V1F,9296
ATP6V1G1,9550
ATP6V1G2,534
ATP7A,538
ATP7B,540
ATP8B2,57198
ATP8B3,148229
ATP8B4,79895
ATP9A,10079
ATPAF2,91647
ATRX,546
ATXN1,6310
ATXN10,25814
ATXN2,6311
ATXN2L,11273
ATXN3,4287
ATXN7,6314
ATXN7L3,56970
AURKA,6790
AUTS2,26053
AVEN,57099
AVIL,10677
AVL9,23080
AVPI1,60370
AVPR1A,552
AXDND1,126859
AXIN2,8313
AZGP1,563
B2M,567
B3GALT1,8708
B3GALT2,8707
B3GAT1,27087
B3GAT3,26229
B3GNT1,11041
B3GNT2,10678
B3GNT9,84752
B4GALT2,8704
BAAT,570
BABAM1,29086
BACH1,571
BAD,572
BAG4,9530
BAG6,7917
BAHD1,22893
BANF1,8815
BAP1,8314
BARX2,8538
BATF2,116071
BAZ1B,9031
BBIP1,92482
BBOX1,8424
BBS4,585
BBS5,129880
BCAN,63827
BCAP31,10134
BCAS1,8537
BCAS2,10286
BCAS3,54828
BCCIP,56647
BCDIN3D,144233
BCL2L13,23786
BCL2L15,440603
BCL7A,605
BCL7B,9275
BCL9,607
BCORL1,63035
BCS1L,617
BDH1,622
BDH2,56898
BDKRB1,623
BDP1,55814
BECN1,8678
BEND4,389206
BET1,10282
BET1L,51272
BFAR,51283
BFSP2,8419
BHMT2,23743
BICD1,636
BID,637
BIN3,55909
BIRC6,57448
BLNK,29760
BLOC1S1,2647
BLOC1S2,282991
BLOC1S3,388552
BLOC1S4,55330
BLVRA,644
BLVRB,645
BLZF1,8548
BMP10,27302
BMP2,650
BMP4,652
BMP5,653
BMP7,655
BMPR1A,657
BMPR1B,658
BMPR2,659
BMX,660
BNC1,646
BNIP3L,665
BNIPL,149428
BOC,91653
BOD1,91272
BOLA1,51027
BOLL,66037
BORA,79866
BPI,671
BPIFA1,51297
BPIFA2,140683
BPNT1,10380
BPTF,2186
BRAT1,221927
BRCC3,79184
BRD1,23774
BRD2,6046
BRD3,8019
BRD4,23476
BRD7,29117
BRD8,10902
BRD9,65980
BRDT,676
BRE,9577
BRF1,2972
BRF2,55290
BRINP3,339479
BRIP1,83990
BRK1,55845
BROX,148362
BRPF3,27154
BRWD1,54014
BRWD3,254065
BSDC1,55108
BST1,683
BTBD10,84280
BTBD6,90135
BTBD8,284697
BTBD9,114781
BTD,686
BTF3L4,91408
BTG1,694
BTG3,10950
BTLA,151888
BTN1A1,696
BTN3A2,11118
BTN3A3,10384
BTNL2,56244
BUD31,8896
BZW2,28969
C10orf10,11067
C10orf32,119032
C10orf35,219738
C10orf55,414236
C10orf82,143379
C10orf88,80007
C10orf90,118611
C11orf30,56946
C11orf48,79081
C11orf49,79096
C11orf53,341032
C11orf58,10944
C11orf65,160140
C11orf70,85016
C11orf73,51501
C11orf80,79703
C11orf84,144097
C11orf87,399947
C12orf4,57102
C12orf65,91574
C14orf1,11161
C14orf178,283579
C14orf182,283551
C14orf28,122525
C14orf80,283643
C15orf39,56905
C15orf41,84529
C15orf43,145645
C15orf54,400360
C15orf59,388135
C16orf59,80178
C16orf62,57020
C16orf70,80262
C16orf72,29035
C16orf78,123970
C16orf87,388272
C17orf53,78995
C17orf62,79415
C17orf67,339210
C17orf70,80233
C18orf21,83608
C18orf25,147339
C18orf8,29919
C19orf10,56005
C19orf18,147685
C19orf25,148223
C19orf47,126526
C19orf52,90580
C19orf73,55150
C19orf81,342918
C1GALT1,56913
C1orf110,339512
C1orf111,284680
C1orf115,79762
C1orf116,79098
C1orf122,127687
C1orf123,54987
C1orf131,128061
C1orf168,199920
C1orf198,84886
C1orf228,339541
C1orf35,79169
C1orf43,25912
C1orf50,79078
C1orf52,148423
C1orf61,10485
C1orf64,149563
C1orf74,148304
C1orf87,127795
C1QA,712
C1QB,713
C1QBP,708
C1QC,714
C1QTNF3,114899
C1QTNF9,338872
C21orf2,755
C21orf33,8209
C21orf67,84536
C22orf24,25775
C2CD2,25966
C2CD5,9847
C2orf15,150590
C2orf43,60526
C2orf44,80304
C2orf47,79568
C2orf69,205327
C2orf73,129852
C2orf76,130355
C2orf88,84281
C3orf14,57415
C3orf20,84077
C3orf36,80111
C3orf38,285237
C3orf52,79669
C3orf62,375341
C4BPA,722
C4orf19,55286
C4orf26,152816
C4orf29,80167
C4orf46,201725
C5,727
C5AR1,728
C5orf22,55322
C5orf24,134553
C5orf28,64417
C5orf30,90355
C5orf42,65250
C5orf45,51149
C6orf118,168090
C6orf15,29113
C6orf165,154313
C6orf201,404220
C6orf203,51250
C6orf211,79624
C6orf48,50854
C6orf57,135154
C6orf89,221477
C7,730
C7orf25,79020
C7orf26,79034
C8A,731
C8B,732
C8orf33,65265
C8orf34,116328
C8orf76,84933
C9orf114,51490
C9orf116,138162
C9orf142,286257
C9orf24,84688
C9orf50,375759
C9orf64,84267
C9orf72,203228
C9orf78,51759
C9orf91,203197
CA11,770
CA12,771
CA14,23632
CA2,760
CA3,761
CA4,762
CA6,765
CA9,768
CAB39,51719
CAB39L,81617
CABLES2,81928
CABP2,51475
CABP5,56344
CABYR,26256
CACFD1,11094
CACHD1,57685
CACNA1B,774
CACNA1E,777
CACNA1F,778
CACNA1G,8913
CACNA2D1,781
CACNG1,786
CACNG2,10369
CACNG3,10368
CACNG4,27092
CACTIN,58509
CACUL1,143384
CACYBP,27101
CAD,790
CADPS2,93664
CALCOCO1,57658
CALCR,799
CALCRL,10203
CALML3,810
CALML5,51806
CAMK1,8536
CAMK2B,816
CAMK2D,817
CAMK2G,818
CAMK2N2,94032
CAMKK2,10645
CAMP,820
CAMSAP1,157922
CAND1,55832
CANT1,124583
CAP1,10487
CAPN7,23473
CAPNS1,826
CAPNS2,84290
CAPRIN1,4076
CARD11,84433
CARD14,79092
CARD16,114769
CARD9,64170
CARKD,55739
CARM1,10498
CARNS1,57571
CARS,833
CARS2,79587
CARTPT,9607
CASC3,22794
CASKIN1,57524
CASP12,100506742
CASP2,835
CASP3,836
CASP6,839
CASP7,840
CASP8,841
CASP8AP2,9994
CASP9,842
CASR,846
CAST,831
CASZ1,54897
CAT,847
CATSPERD,257062
CAV3,859
CBFA2T2,9139
CBFB,865
CBLN1,869
CBLN2,147381
CBR1,873
CBR3,874
CBR4,84869
CBS,875
CBX3,11335
CBX5,23468
CBX8,57332
CC2D1B,200014
CCAR1,55749
CCAR2,57805
CCBL1,883
CCBL2,56267
CCDC11,220136
CCDC112,153733
CCDC117,150275
CCDC12,151903
CCDC121,79635
CCDC124,115098
CCDC126,90693
CCDC127,133957
CCDC132,55610
CCDC149,91050
CCDC15,80071
CCDC151,115948
CCDC153,283152
CCDC159,126075
CCDC168,643677
CCDC170,80129
CCDC172,374355
CCDC174,51244
CCDC176,80127
CCDC185,164127
CCDC186,55088
CCDC22,28952
CCDC24,149473
CCDC25,55246
CCDC28A,25901
CCDC33,80125
CCDC39,339829
CCDC42,146849
CCDC50,152137
CCDC53,51019
CCDC57,284001
CCDC59,29080
CCDC60,160777
CCDC64B,146439
CCDC71L,168455
CCDC8,83987
CCDC82,79780
CCDC84,338657
CCDC85C,317762
CCDC86,79080
CCDC89,220388
CCDC9,26093
CCDC92,80212
CCDC93,54520
CCDC94,55702
CCDC96,257236
CCER1,196477
CCIN,881
CCKBR,887
CCL16,6360
CCL20,6364
CCL21,6366
CCL23,6368
CCL24,6369
CCL25,6370
CCL26,10344
CCL27,10850
CCL28,56477
CCL4,6351
CCNA1,8900
CCNB1IP1,57820
CCNB2,9133
CCNB3,85417
CCND2,894
CCNE1,898
CCNG2,901
CCNI,10983
CCNJL,79616
CCNL1,57018
CCNO,10309
CCNT2,905
CCNY,219771
CCNYL1,151195
CCR1,1230
CCT5,22948
CCT6A,908
CCT6B,10693
CCT7,10574
CD101,9398
CD14,929
CD160,11126
CD163,9332
CD177,57126
CD19,930
CD1B,910
CD1C,911
CD1E,913
CD2,914
CD200,4345
CD200R1,131450
CD226,10666
CD248,57124
CD2AP,23607
CD2BP2,10421
CD300LB,124599
CD300LF,146722
CD320,51293
CD34,947
CD36,948
CD3D,915
CD3E,916
CD3G,917
CD5,921
CD55,1604
CD6,923
CD8A,925
CD96,10225
CDA,978
CDC16,8881
CDC20B,166979
CDC23,8697
CDC25B,994
CDC25C,995
CDC27,996
CDC34,997
CDC37,11140
CDC37L1,55664
CDC42BPB,9578
CDC42BPG,55561
CDC42SE1,56882
CDC73,79577
CDCA2,157313
CDCA7,83879
CDH10,1008
CDH11,1009
CDH12,1010
CDH16,1014
CDH18,1016
CDH19,28513
CDH22,64405
CDH4,1002
CDH6,1004
CDH7,1005
CDH8,1006
CDH9,1007
CDHR1,92211
CDHR2,54825
CDHR5,53841
CDK1,983
CDK10,8558
CDK12,51755
CDK13,8621
CDK15,65061
CDK17,5128
CDK18,5129
CDK19,23097
CDK2,1017
CDK2AP2,10263
CDK5R1,8851
CDK5RAP2,55755
CDK5RAP3,80279
CDK6,1021
CDK8,1024
CDKAL1,54901
CDKL2,8999
CDKL5,6792
CDKN1B,1027
CDKN2AIP,55602
CDKN2D,1032
CDNF,441549
CDO1,1036
CDR1,1038
CDR2,1039
CDS2,8760
CDSN,1041
CDYL,9425
CDYL2,124359
CEACAM1,634
CEACAM5,1048
CEACAM6,4680
CEACAM7,1087
CEBPA,1050
CEBPB,1051
CEBPE,1053
CECR1,51816
CECR5,27440
CECR6,27439
CEL,1056
CELF3,11189
CELSR2,1952
CENPBD1,92806
CENPE,1062
CENPK,64105
CENPL,91687
CENPN,55839
CENPT,80152
CEP104,9731
CEP112,201134
CEP128,145508
CEP131,22994
CEP162,22832
CEP250,11190
CEP290,80184
CEP44,80817
CEP63,80254
CEP83,51134
CEP85L,387119
CEPT1,10390
CER1,9350
CERK,64781
CERS5,91012
CES4A,283848
CETN2,1069
CETP,1071
CFAP20,29105
CFAP43,80217
CFAP58,159686
CFAP97,57587
CFDP1,10428
CFH,3075
CFHR2,3080
CFL1,1072
CFP,5199
CFTR,1080
CGGBP1,8545
CGNL1,84952
CHAC1,79094
CHAC2,494143
CHAF1A,10036
CHAT,1103
CHCHD1,118487
CHCHD2,51142
CHD1L,9557
CHD4,1108
CHD6,84181
CHD8,57680
CHDH,55349
CHERP,10523
CHFR,55743
CHGA,1113
CHGB,1114
CHI3L1,1116
CHIC1,53344
CHIC2,26511
CHID1,66005
CHL1,10752
CHM,1121
CHML,1122
CHMP1A,5119
CHMP1B,57132
CHMP4B,128866
CHMP5,51510
CHMP7,91782
CHP2,63928
CHPF2,54480
CHPT1,56994
CHRAC1,54108
CHRD,8646
CHRM1,1128
CHRM3,1131
CHRM5,1133
CHRNA3,1136
CHRNA5,1138
CHRNB1,1140
CHST12,55501
CHST9,83539
CHSY3,337876
CHTF8,54921
CHUK,1147
CHURC1,91612
CIAPIN1,57019
CIB1,10519
CIB2,10518
CIB3,117286
CIC,23152
CIDEA,1149
CIDEC,63924
CINP,51550
CIRBP,1153
CIRH1A,84916
CISD3,284106
CITED2,10370
CKAP5,9793
CKB,1152
CKLF,51192
CKM,1158
CKMT2,1160
CLASP1,23332
CLASP2,23122
CLC,1178
CLCA1,1179
CLCN1,1180
CLCN2,1181
CLCN3,1182
CLDN10,9071
CLDN11,5010
CLDN16,10686
CLDN17,26285
CLDN19,149461
CLDN3,1365
CLDN6,9074
CLDN7,1366
CLDN8,9073
CLEC1B,51266
CLEC2B,9976
CLEC2L,154790
CLEC4C,170482
CLEC4F,165530
CLEC5A,23601
CLEC7A,64581
CLGN,1047
CLIC2,1193
CLIC3,9022
CLIC5,53405
CLK2,1196
CLK3,1198
CLK4,57396
CLN5,1203
CLN6,54982
CLN8,2055
CLNK,116449
CLP1,10978
CLPP,8192
CLSTN1,22883
CLSTN3,9746
CLTB,1212
CLTC,1213
CLYBL,171425
CMAS,55907
CMBL,134147
CMC2,56942
CMC4,100272147
CMPK1,51727
CMTM2,146225
CMTM5,116173
CMTR1,23070
CMTR2,55783
CMYA5,202333
CNDP2,55748
CNEP1R1,255919
CNGA3,1261
CNIH4,29097
CNNM3,26505
CNOT1,23019
CNOT2,4848
CNOT3,4849
CNOT6,57472
CNOT6L,246175
CNOT8,9337
CNTN1,1272
CNTN2,6900
CNTN3,5067
CNTN5,53942
CNTN6,27255
CNTNAP4,85445
CNTROB,116840
COA1,55744
COA6,388753
COASY,80347
COG2,22796
COG3,83548
COG4,25839
COG6,57511
COG7,91949
COIL,8161
COL11A1,1301
COL18A1,80781
COL19A1,1310
COL25A1,84570
COL4A3,1285
COL4A3BP,10087
COL4A6,1288
COL6A3,1293
COL8A2,1296
COL9A1,1297
COL9A3,1299
COLGALT1,79709
COLGALT2,23127
COLQ,8292
COMMD1,150684
COMMD10,51397
COMMD9,29099
COMTD1,118881
COPA,1314
COPB1,1315
COPB2,9276
COPG1,22820
COPRS,55352
COPS2,9318
COPS4,51138
COPZ1,22818
COQ5,84274
COQ6,51004
COQ9,57017
CORO1B,57175
CORO1C,23603
COX15,1355
COX18,285521
COX20,116228
COX4I1,1327
COX6A2,1339
COX6B2,125965
COX6C,1345
COX7A2,1347
COX8A,1351
CPA2,1358
CPAMD8,27151
CPB2,1361
CPEB3,22849
CPED1,79974
CPLX2,10814
CPNE3,8895
CPNE4,131034
CPNE5,57699
CPNE8,144402
CPPED1,55313
CPS1,1373
CPSF3L,54973
CPSF4,10898
CPSF6,11052
CPSF7,79869
CPT1A,1374
CPT1C,126129
CPXM1,56265
CR2,1380
CRABP1,1381
CRABP2,1382
CRACR2B,283229
CRAMP1L,57585
CRAT,1384
CRB2,286204
CRBN,51185
CRCP,27297
CRCT1,54544
CREB3L1,90993
CREB3L4,148327
CREBBP,1387
CREBRF,153222
CREM,1390
CRHR2,1395
CRIP1,1396
CRIP2,1397
CRISP3,10321
CRKL,1399
CRLF3,51379
CRLS1,54675
CRNKL1,51340
CRNN,49860
CROT,54677
CRP,1401
CRTC2,200186
CRTC3,64784
CRX,1406
CRY2,1408
CRYBA1,1411
CRYBA4,1413
CRYGA,1418
CRYGC,1420
CRYM,1428
CRYZL1,9946
CSAD,51380
CSDE1,7812
CSF1R,1436
CSGALNACT2,55454
CSH1,1442
CSMD1,64478
CSMD2,114784
CSN1S1,1446
CSN3,1448
CSNK1A1,1452
CSNK1D,1453
CSNK1E,1454
CSNK1G2,1455
CSNK1G2-AS1,255193
CSNK1G3,1456
CSNK2A2,1459
CSNK2B,1460
CSPG4,1464
CSRNP1,64651
CSRNP3,80034
CSRP1,1465
CSRP3,8048
CST1,1469
CST11,140880
CST7,8530
CSTF1,1477
CSTF2,1478
CTAG2,30848
CTAGE5,4253
CTBP2,1488
CTBS,1486
CTDNEP1,23399
CTDSP1,58190
CTLA4,1493
CTNNA1,1495
CTNNA3,29119
CTNNBL1,56259
CTPS1,1503
CTPS2,56474
CTRC,11330
CTRL,1506
CTSC,1075
CTSG,1511
CTSL,1514
CTSW,1521
CTU2,348180
CUBN,8029
CUL2,8453
CUL4A,8451
CUL7,9820
CUL9,23113
CUTA,51596
CUTC,51076
CUX2,23316
CWC25,54883
CXADR,1525
CXCL11,6373
CXCL12,6387
CXCL14,9547
CXCL6,6372
CXCL9,4283
CXCR1,3577
CXCR4,7852
CXCR5,643
CXXC4,80319
CXXC5,51523
CYB561,1534
CYB5A,1528
CYB5B,80777
CYB5D1,124637
CYB5R1,51706
CYB5R3,1727
CYB5R4,51167
CYCS,54205
CYLD,1540
CYP17A1,1586
CYP1A2,1544
CYP24A1,1591
CYP27A1,1593
CYP2C18,1562
CYP2C9,1559
CYP2E1,1571
CYP3A5,1577
CYP4B1,1580
CYP4F11,57834
CYP4F2,8529
CYP4F8,11283
CYP4X1,260293
CYSLTR2,57105
CYSRT1,375791
CYSTM1,84418
CYTH2,9266
CYTH4,27128
DAAM1,23002
DAB1,1600
DAB2IP,153090
DACH1,1602
DACT2,168002
DACT3,147906
DAK,26007
DAO,1610
DAP,1611
DAPK2,23604
DARS2,55157
DAW1,164781
DAXX,1616
DAZAP2,9802
DAZL,1618
DBH,1621
DBI,1622
DBN1,1627
DBNL,28988
DBP,1628
DBR1,51163
DCAF12L1,139170
DCAF17,80067
DCAF4,26094
DCAF4L2,138009
DCAF6,55827
DCAF7,10238
DCAF8,50717
DCD,117159
DCDC2,51473
DCDC2B,149069
DCHS1,8642
DCHS2,54798
DCK,1633
DCLK3,85443
DCLRE1B,64858
DCPS,28960
DCTN1,1639
DCTN4,51164
DCTN6,10671
DCTPP1,79077
DCUN1D2,55208
DCXR,51181
DDA1,79016
DDB1,1642
DDB2,1643
DDHD2,23259
DDIT4,54541
DDIT4L,115265
DDO,8528
DDR2,4921
DDRGK1,65992
DDX10,1662
DDX17,10521
DDX19A,55308
DDX27,55661
DDX28,55794
DDX3X,1654
DDX3Y,8653
DDX47,51202
DDX49,54555
DDX5,1655
DDX50,79009
DDX53,168400
DDX56,54606
DDX60,55601
DDX60L,91351
DEAF1,10522
DECR2,26063
DEDD,9191
DEDD2,162989
DEF8,54849
DEFA5,1670
DEFB1,1672
DEGS1,8560
DENND2C,163259
DENND3,22898
DENND4C,55667
DENND6A,201627
DENND6B,414918
DEPDC1,55635
DEPDC5,9681
DEPDC7,91614
DERA,51071
DET1,55070
DGCR14,8220
DGKH,160851
DHCR7,1717
DHODH,1723
DHRS1,115817
DHRS13,147015
DHRS7,51635
DHTKD1,55526
DHX16,8449
DHX33,56919
DHX37,57647
DHX38,9785
DHX40,79665
DHX57,90957
DHX9,1660
DIABLO,56616
DICER1,23405
DIDO1,11083
DIEXF,27042
DIMT1,27292
DIO2,1734
DIO3,1735
DIP2A,23181
DIP2B,57609
DIS3,22894
DIS3L,115752
DIXDC1,85458
DKC1,1736
DKFZP434K028,26070
DKK2,27123
DKKL1,27120
DLC1,10395
DLD,1738
DLG1,1739
DLG2,1740
DLG4,1742
DLG5,9231
DLGAP1,9229
DLL1,28514
DLST,1743
DLX1,1745
DLX2,1746
DLX3,1747
DLX4,1748
DLX5,1749
DLX6,1750
DMAP1,55929
DMBT1,1755
DMC1,11144
DMD,1756
DMP1,1758
DMPK,1760
DMRT1,1761
DMRT3,58524
DMWD,1762
DMXL1,1657
DNAAF1,123872
DNAH1,25981
DNAH5,1767
DNAH6,1768
DNAH7,56171
DNAH8,1769
DNAH9,1770
DNAJA2,10294
DNAJA3,9093
DNAJA4,55466
DNAJB1,3337
DNAJB11,51726
DNAJB12,54788
DNAJB14,79982
DNAJB4,11080
DNAJB7,150353
DNAJB8,165721
DNAJB9,4189
DNAJC1,64215
DNAJC11,55735
DNAJC14,85406
DNAJC17,55192
DNAJC19,131118
DNAJC2,27000
DNAJC22,79962
DNAJC25,548645
DNAJC28,54943
DNAJC30,84277
DNAJC4,3338
DNAJC5,80331
DNAJC8,22826
DNAL4,10126
DNALI1,7802
DNASE1,1773
DNASE1L2,1775
DNASE2B,58511
DNHD1,144132
DNM1,1759
DNM1L,10059
DNM2,1785
DNM3,26052
DNMBP,23268
DNMT1,1786
DNPEP,23549
DNPH1,10591
DNTTIP2,30836
DOC2A,8448
DOCK2,1794
DOCK7,85440
DOHH,83475
DOK4,55715
DOK5,55816
DOK6,220164
DOK7,285489
DOPEY1,23033
DOPEY2,9980
DOT1L,84444
DPAGT1,1798
DPCR1,135656
DPF2,5977
DPH2,1802
DPM3,54344
DPP7,29952
DPP9,91039
DPPA2,151871
DPY19L2,283417
DPYSL2,1808
DPYSL3,1809
DR1,1810
DRAXIN,374946
DRC1,92749
DRD5,1816
DROSHA,29102
DRP2,1821
DSC1,1823
DSCAM,1826
DSCAML1,57453
DSG3,1830
DSPP,1834
DTL,51514
DTNBP1,84062
DTWD1,56986
DUOX1,53905
DUS1L,64118
DUS2,54920
DUS3L,56931
DUS4L,11062
DUSP11,8446
DUSP13,51207
DUSP21,63904
DUSP9,1852
DUT,1854
DVL2,1856
DVL3,1857
DXO,1797
DYDC1,143241
DYDC2,84332
DYNC1I1,1780
DYNC2H1,79659
DYNLRB2,83657
DYNLT3,6990
DYRK1A,1859
DYRK1B,9149
DYRK2,8445
DYSF,8291
DZANK1,55184
DZIP1L,199221
DZIP3,9666
E2F4,1874
EAF1,85403
EAF2,55840
EAPP,55837
EARS2,124454
EBAG9,9166
EBF2,64641
EBP,10682
ECEL1,9427
ECH1,1891
ECHDC1,55862
ECHS1,1892
ECI2,10455
ECSIT,51295
EDA2R,60401
EDAR,10913
EDC4,23644
EDDM3B,64184
EDEM1,9695
EDEM2,55741
EDEM3,80267
EDN2,1907
EEA1,8411
EEF1A1,1915
EEF1A2,1917
EEF1E1,9521
EEF2,1938
EEF2K,29904
EEFSEC,60678
EEPD1,80820
EFCAB11,90141
EFCAB5,374786
EFHC1,114327
EFHD1,80303
EFHD2,79180
EFNA2,1943
EFNA3,1944
EFNA4,1945
EFNB1,1947
EFTUD1,79631
EGFLAM,133584
EGR3,1960
EHF,26298
EHMT1,79813
EHMT2,10919
EI24,9538
EID1,23741
EIF1,10209
EIF1AX,1964
EIF1AY,9086
EIF2AK2,5610
EIF2AK3,9451
EIF2B3,8891
EIF2B4,8890
EIF2B5,8893
EIF2D,1939
EIF2S3,1968
EIF3B,8662
EIF3D,8664
EIF3H,8667
EIF3L,51386
EIF4A2,1974
EIF4E,1977
EIF4E2,9470
EIF4EBP2,1979
EIF4ENIF1,56478
EIF4G1,1981
EIF4G2,1982
EIF4G3,8672
EIF5A,1984
EIF5A2,56648
ELAC2,60528
ELAVL1,1994
ELF2,1998
ELF4,2000
ELF5,2001
ELFN1,392617
ELFN2,114794
ELK4,2005
ELL,8178
ELL2,22936
ELMOD2,255520
ELMOD3,84173
ELN,2006
ELOF1,84337
ELOVL2,54898
ELOVL3,83401
ELOVL5,60481
ELP2,55250
ELP3,55140
ELP4,26610
ELP5,23587
ELTD1,64123
EMC1,23065
EMC10,284361
EMC3,55831
EMC4,51234
EMC6,83460
EMC8,10328
EMCN,51705
EMD,2010
EMG1,10436
EML2,24139
EML5,161436
EMP1,2012
EMP2,2013
EMR2,30817
EMX1,2016
EN2,2020
ENC1,8507
ENDOV,284131
ENGASE,64772
ENKD1,84080
ENKUR,219670
ENO3,2027
ENOPH1,58478
ENOX1,55068
ENPP7,339221
ENTPD3,956
ENTPD4,9583
ENTPD5,957
ENY2,56943
EP300,2033
EPAS1,2034
EPB41L3,23136
EPB41L5,57669
EPC2,26122
EPG5,57724
EPHA3,2042
EPHA4,2043
EPHA6,285220
EPHA7,2045
EPHB2,2048
EPHB4,2050
EPHB6,2051
EPHX1,2052
EPM2AIP1,9852
EPN3,55040
EPO,2056
EPOR,2057
EPPIN,57119
EPS15,2060
EPS8L1,54869
EPS8L2,64787
EPS8L3,79574
EPSTI1,94240
EPT1,85465
EPX,8288
EPYC,1833
ERAL1,26284
ERBB2,2064
ERC1,23085
ERCC2,2068
ERCC4,2072
ERF,2077
ERG,2078
ERGIC2,51290
ERI2,112479
ERI3,79033
ERICH3,127254
ERLIN2,11160
ERO1L,30001
ERP27,121506
ERP44,23071
ERVV-1,147664
ESAM,90952
ESCO1,114799
ESD,2098
ESF1,51575
ESR1,2099
ESR2,2100
ESRP2,80004
ESRRA,2101
ESRRB,2103
ESRRG,2104
ESYT1,23344
ETF1,2107
ETFA,2108
ETFB,2109
ETFDH,2110
ETNK1,55500
ETNK2,55224
ETV2,2116
ETV3,2117
ETV5,2119
ETV7,51513
EVI5L,115704
EVPL,2125
EWSR1,2130
EXD1,161829
EXD2,55218
EXO1,9156
EXOC1,55763
EXOC2,55770
EXOC3,11336
EXOC8,149371
EXOG,9941
EXOSC1,51013
EXOSC2,23404
EXOSC3,51010
EXOSC6,118460
EXOSC8,11340
EXOSC9,5393
EXTL3,2137
EYA1,2138
EZR,7430
F10,2159
F11,2160
F13A1,2162
F13B,2165
F2,2147
F5,2153
F7,2155
F8,2157
FA2H,79152
FAAH,2166
FABP2,2169
FABP3,2170
FADS1,3992
FAF2,23197
FAIM,55179
FAM107A,11170
FAM110B,90362
FAM110C,642273
FAM110D,79927
FAM117A,81558
FAM117B,150864
FAM120B,84498
FAM120C,54954
FAM122B,159090
FAM124B,79843
FAM127A,8933
FAM131B,9715
FAM134A,79137
FAM134B,54463
FAM134C,162427
FAM135A,57579
FAM13C,220965
FAM160A2,84067
FAM160B2,64760
FAM161B,145483
FAM168B,130074
FAM171B,165215
FAM172A,83989
FAM173A,65990
FAM174B,400451
FAM178A,55719
FAM178B,51252
FAM179B,23116
FAM184A,79632
FAM184B,27146
FAM188A,80013
FAM189A1,23359
FAM192A,80011
FAM193B,54540
FAM19A1,407738
FAM19A4,151647
FAM204A,63877
FAM20B,9917
FAM212A,389119
FAM213A,84293
FAM213B,127281
FAM214A,56204
FAM217A,222826
FAM220A,84792
FAM32A,26017
FAM3A,60343
FAM46B,115572
FAM50A,9130
FAM53B,9679
FAM53C,51307
FAM58A,92002
FAM63A,55793
FAM63B,54629
FAM65B,9750
FAM71D,161142
FAM73A,374986
FAM81A,145773
FAM81B,153643
FAM83A,84985
FAM83H,286077
FAM91A1,157769
FAM96A,84191
FAM96B,51647
FAM9B,171483
FAN1,22909
FARS2,10667
FARSB,10056
FASLG,356
FASN,2194
FASTKD1,79675
FASTKD5,60493
FBLN2,2199
FBN3,84467
FBP1,2203
FBRS,64319
FBXL12,54850
FBXL13,222235
FBXL18,80028
FBXL19,54620
FBXL4,26235
FBXL5,26234
FBXL8,55336
FBXO11,80204
FBXO15,201456
FBXO28,23219
FBXO31,79791
FBXO33,254170
FBXO34,55030
FBXO45,200933
FBXO46,23403
FBXO7,25793
FBXO8,26269
FBXO9,26268
FBXW11,23291
FBXW4,6468
FBXW7,55294
FBXW9,84261
FCAMR,83953
FCAR,2204
FCER1A,2205
FCER1G,2207
FCER2,2208
FCGR3B,2215
FCGRT,2217
FCHSD2,9873
FCN1,2219
FCN2,2220
FCN3,8547
FCRL2,79368
FCRL4,83417
FDPS,2224
FDXR,2232
FECH,2235
FEM1A,55527
FEM1C,56929
FERD3L,222894
FERMT2,10979
FETUB,26998
FEV,54738
FFAR2,2867
FGA,2243
FGB,2244
FGD5,152273
FGF10,2255
FGF13,2258
FGF14,2259
FGF16,8823
FGF19,9965
FGF2,2247
FGF21,26291
FGF22,27006
FGF3,2248
FGF4,2249
FGF6,2251
FGF7,2252
FGF8,2253
FGF9,2254
FGFR1,2260
FGFR1OP,11116
FGFRL1,53834
FGG,2266
FGGY,55277
FGL1,2267
FIBCD1,84929
FIBP,9158
FICD,11153
FIGN,55137
FIS1,51024
FITM1,161247
FIZ1,84922
FKBP1A,2280
FKBP2,2286
FKBP4,2288
FKBP8,23770
FKRP,79147
FLG2,388698
FLNA,2316
FLT4,2324
FLYWCH2,114984
FMN1,342184
FMNL2,114793
FNBP1,23048
FNDC5,252995
FNIP2,57600
FNTA,2339
FOLH1,2346
FOLR1,2348
FOPNL,123811
FOSB,2354
FOSL2,2355
FOXA1,3169
FOXA2,3170
FOXA3,3171
FOXC1,2296
FOXE1,2304
FOXF1,2294
FOXH1,8928
FOXI1,2299
FOXJ1,2302
FOXK1,221937
FOXL2,668
FOXO3,2309
FOXP1,27086
FOXP4,116113
FOXQ1,94234
FOXR2,139628
FOXRED1,55572
FPR2,2358
FRA10AC1,118924
FRAS1,80144
FRAT1,10023
FREM1,158326
FRMD3,257019
FRS2,10818
FSHB,2488
FSHR,2492
FSIP2,401024
FSTL3,10272
FSTL4,23105
FTL,2512
FTO,79068
FTSJ1,24140
FTSJ2,29960
FUBP1,8880
FUBP3,8939
FUNDC1,139341
FUS,2521
FUT2,2524
FUT4,2526
FUT7,2529
FUT8,2530
FXR2,9513
FXYD7,53822
FYTTD1,84248
FZD1,8321
FZD10,11211
FZD2,2535
FZD4,8322
FZD5,7855
FZD8,8325
G3BP1,10146
G3BP2,9908
G6PD,2539
GABBR1,2550
GABBR2,9568
GABPB1,2553
GABRA2,2555
GABRA3,2556
GABRA6,2559
GABRB1,2560
GABRR2,2570
GAD1,2571
GADD45A,1647
GAGE1,2543
GAK,2580
GAL,51083
GAL3ST1,9514
GAL3ST2,64090
GAL3ST4,79690
GALC,2581
GALK2,2585
GALNS,2588
GALNT1,2589
GALNT10,55568
GALNT11,63917
GALNT13,114805
GALNT2,2590
GALNT6,11226
GALNTL5,168391
GALR3,8484
GALT,2592
GAMT,2593
GAN,8139
GANAB,23193
GANC,2595
GAPDH,2597
GARNL3,84253
GARS,2617
GART,2618
GAS8,2622
GAST,2520
GATA2,2624
GATA3,2625
GATA6,2627
GATAD2A,54815
GATC,283459
GATS,352954
GBP5,115362
GC,2638
GCAT,23464
GCC2,9648
GCFC2,6936
GCG,2641
GCKR,2646
GCLM,2730
GCNT1,2650
GCNT3,9245
GCOM1,145781
GCSAM,257144
GDA,9615
GDAP2,54834
GDF9,2661
GDI1,2664
GDPD1,284161
GDPD3,79153
GEMIN5,25929
GEMIN8,54960
GET4,51608
GFER,2671
GFI1,2672
GFM1,85476
GFOD2,81577
GFPT1,2673
GFRA3,2676
GGCT,79017
GGH,8836
GGPS1,9453
GGT7,2686
GGTLC1,92086
GH1,2688
GH2,2689
GHITM,27069
GHR,2690
GHRHR,2692
GID4,79018
GID8,54994
GIF,2694
GIGYF2,26058
GIMAP1,170575
GIN1,54826
GINS2,51659
GIP,2695
GIPC2,54810
GIT1,28964
GIT2,9815
GJA4,2701
GJA5,2702
GJB1,2705
GK,2710
GK5,256356
GKAP1,80318
GKN1,56287
GKN2,200504
GLA,2717
GLB1,2720
GLB1L2,89944
GLCCI1,113263
GLCE,26035
GLG1,2734
GLI1,2735
GLO1,2739
GLOD5,392465
GLP2R,9340
GLRX2,51022
GLRX3,10539
GLS,2744
GLS2,27165
GLT8D1,55830
GLT8D2,83468
GLTP,51228
GLTSCR1,29998
GLTSCR1L,23506
GLUD1,2746
GLUD2,2747
GLYAT,10249
GLYCTK,132158
GLYR1,84656
GMDS,2762
GMEB2,26205
GMPR2,51292
GNA14,9630
GNAS,2778
GNAT2,2780
GNAT3,346562
GNB1L,54584
GNB2,2783
GNB2L1,10399
GNB5,10681
GNE,10020
GNG12,55970
GNG13,51764
GNG8,94235
GNGT1,2792
GNL1,2794
GNL3,26354
GNL3L,54552
GNLY,10578
GNMT,27232
GNN,253724
GNPAT,8443
GNPDA2,132789
GNPNAT1,64841
GNPTAB,79158
GNPTG,84572
GNRH1,2796
GOLGA1,2800
GOLGA2,2801
GOLGA4,2803
GOLGA5,9950
GOLGA7,51125
GOLIM4,27333
GOPC,57120
GORAB,92344
GORASP2,26003
GOSR1,9527
GOT1,2805
GOT1L1,137362
GOT2,2806
GP1BA,2811
GP2,2813
GP5,2814
GP6,51206
GPAA1,8733
GPALPP1,55425
GPATCH2,55105
GPATCH2L,55668
GPBP1,65056
GPC3,2719
GPC5,2262
GPD1,2819
GPD1L,23171
GPD2,2820
GPHN,10243
GPI,2821
GPIHBP1,338328
GPKOW,27238
GPM6A,2823
GPN3,51184
GPR107,57720
GPR108,56927
GPR115,221393
GPR135,64582
GPR143,4935
GPR155,151556
GPR158,57512
GPR17,2840
GPR22,2845
GPR37L1,9283
GPR50,9248
GPR52,9293
GPR61,83873
GPR63,81491
GPR64,10149
GPR98,84059
GPRC5B,51704
GPRC5C,55890
GPRIN2,9721
GPX2,2877
GPX3,2878
GPX4,2879
GRAMD4,23151
GRAP,10750
GRAP2,9402
GRASP,160622
GREB1,9687
GREM1,26585
GREM2,64388
GRHL2,79977
GRIA3,2892
GRIA4,2893
GRID1,2894
GRIK1,2897
GRIK2,2898
GRIK4,2900
GRIN2A,2903
GRIN2B,2904
GRIN3A,116443
GRIP2,80852
GRIPAP1,56850
GRK1,6011
GRM3,2913
GRM5,2915
GRM7,2917
GRM8,2918
GRPR,2925
GSC,145258
GSC2,2928
GSDMB,55876
GSE1,23199
GSG1,83445
GSK3A,2931
GSKIP,51527
GSPT1,2935
GSR,2936
GSS,2937
GSTA1,2938
GSTCD,79807
GSTM3,2947
GSTZ1,2954
GSX2,170825
GTDC1,79712
GTF2A1,2957
GTF2A2,2958
GTF2B,2959
GTF2E2,2961
GTF2F1,2962
GTF2IRD1,9569
GTF3A,2971
GTPBP1,9567
GTPBP10,85865
GTPBP3,84705
GUCA1B,2979
GUCA2A,2980
GUCD1,83606
GUCY1A2,2977
GUCY1A3,2982
GUCY2F,2986
GUF1,60558
GUK1,2987
GXYLT1,283464
GYPB,2994
GYS1,2997
GZF1,64412
GZMB,3002
GZMH,2999
GZMM,3004
H2AFJ,55766
H2BFM,286436
H3F3B,3021
H6PD,9563
HABP2,3026
HACE1,57531
HACL1,26061
HADH,3033
HADHB,3032
HAGH,3029
HAGHL,84264
HAL,3034
HAMP,57817
HAND2,9464
HAP1,9001
HAPLN1,1404
HARS,3035
HAS3,3038
HAT1,8520
HAUS7,55559
HBB,3043
HBD,3045
HBE1,3046
HBP1,26959
HBQ1,3049
HBS1L,10767
HCFC1,3054
HCFC2,29915
HCN3,57657
HCRT,3060
HCRTR1,3061
HCRTR2,3062
HDAC1,3065
HDAC11,79885
HDAC3,8841
HDAC4,9759
HDAC5,10014
HDAC8,55869
HDC,3067
HDDC3,374659
HDGFRP2,84717
HDGFRP3,50810
HDHD1,8226
HDLBP,3069
HEATR1,55127
HEATR3,55027
HEATR4,399671
HEATR5B,54497
HEATR6,63897
HEBP2,23593
HECTD1,25831
HECTD3,79654
HECTD4,283450
HECW1,23072
HECW2,57520
HEMGN,55363
HERC3,8916
HERPUD2,64224
HES1,3280
HES7,84667
HEXA,3073
HEXDC,284004
HEXIM1,10614
HEXIM2,124790
HFE,3077
HGF,3082
HHAT,55733
HHATL,57467
HHIPL2,79802
HHLA3,11147
HIBADH,11112
HIC1,3090
HIC2,23119
HID1,283987
HIF1AN,55662
HIGD1A,25994
HIGD1B,51751
HILPDA,29923
HINFP,25988
HINT2,84681
HIP1,3092
HIP1R,9026
HIPK1,204851
HIPK4,147746
HIRA,7290
HIST1H1A,3024
HIST1H1C,3006
HIST1H1D,3007
HIST1H1E,3008
HIST1H1T,3010
HIST1H2AB,8335
HIST1H2AE,3012
HIST1H2AK,8330
HIST1H2BL,8340
HIST1H2BM,8342
HIST1H2BO,8348
HIST1H3A,8350
HIST1H3G,8355
HIST1H4A,8359
HIST1H4F,8361
HIST2H2BE,8349
HIST3H3,8290
HIVEP2,3097
HJURP,55355
HK3,3101
HKDC1,80201
HKR1,284459
HLA-A,3105
HLA-DMB,3109
HLA-DQA1,3117
HLA-DQB2,3120
HLA-DRB1,3123
HLA-F,3134
HLCS,3141
HLTF,6596
HMBS,3145
HMGA1,3159
HMGA2,8091
HMGB3,3149
HMGB3P1,128872
HMGCR,3156
HMGN4,10473
HMMR,3161
HMP19,51617
HMX2,3167
HN1L,90861
HNRNPA0,10949
HNRNPA1,3178
HNRNPA2B1,3181
HNRNPAB,3182
HNRNPC,3183
HNRNPCL1,343069
HNRNPD,3184
HNRNPDL,9987
HNRNPF,3185
HNRNPH1,3187
HNRNPH3,3189
HNRNPM,4670
HNRNPU,3192
HNRNPUL2,221092
HOMER1,9456
HOMER2,9455
HOOK2,29911
HOOK3,84376
HOPX,84525
HOTAIR,100124700
HOXA10,3206
HOXA11,3207
HOXA13,3209
HOXA2,3199
HOXB13,10481
HOXB8,3218
HOXB9,3219
HOXC10,3226
HOXC11,3227
HOXC13,3229
HOXC5,3222
HOXC6,3223
HOXC8,3224
HOXC9,3225
HOXD11,3237
HP1BP3,50809
HPCAL4,51440
HPDL,84842
HPGD,3248
HPGDS,27306
HPN,3249
HPRT1,3251
HPS1,3257
HPSE,10855
HPX,3263
HRAS,3265
HRASLS5,117245
HRC,3270
HRH4,59340
HS6ST2,90161
HSBP1L1,440498
HSCB,150274
HSD11B2,3291
HSD17B1,3292
HSD17B11,51170
HSD17B3,3293
HSD17B4,3295
HSD17B8,7923
HSD3B2,3284
HSDL1,83693
HSDL2,84263
HSF1,3297
HSF5,124535
HSP90AA1,3320
HSPA12B,116835
HSPA4,3308
HSPA5,3309
HSPA8,3312
HSPB11,51668
HSPB2,3316
HSPB6,126393
HSPB7,27129
HTATSF1,27336
HTN3,3347
HTR1B,3351
HTR1E,3354
HTR1F,3355
HTR2C,3358
HTR3B,9177
HTR7,3363
HTRA2,27429
HTRA4,203100
HUNK,30811
HUS1,3364
HUWE1,10075
HYAL1,3373
HYKK,123688
HYLS1,219844
HYOU1,10525
IAH1,285148
IARS,3376
IARS2,55699
IBA57,200205
ICA1,3382
ICE2,79664
ICK,22858
ICT1,3396
ID2,3398
ID3,3399
ID4,3400
IDH1,3417
IDH2,3418
IDH3B,3420
IDI2,91734
IDO1,3620
IDS,3423
IER3,8870
IER5,51278
IFI27L2,83982
IFI30,10437
IFI35,3430
IFI6,2537
IFNA16,3449
IFNA2,3440
IFNA5,3442
IFNA8,3445
IFNAR1,3454
IFNE,338376
IFNG,3458
IFNGR1,3459
IFNK,56832
IFNL2,282616
IFRD1,3475
IFT122,55764
IFT140,9742
IFT43,112752
IFT46,56912
IFT52,51098
IFT74,80173
IFT80,57560
IGDCC4,57722
IGF1,3479
IGF1R,3480
IGF2BP1,10642
IGF2BP3,10643
IGF2R,3482
IGFALS,3483
IGFL1,374918
IGFL2,147920
IGFN1,91156
IGHM,3507
IGHMBP2,3508
IGIP,492311
IGLL1,3543
IGLV2-14,28815
IGSF11,152404
IGSF3,3321
IGSF5,150084
IGSF8,93185
IK,3550
IKBKAP,8518
IKBKB,3551
IKZF1,10320
IKZF4,64375
IKZF5,64376
IL10RA,3587
IL12RB1,3594
IL12RB2,3595
IL13RA1,3597
IL17RB,55540
IL17RC,84818
IL17RD,54756
IL17RE,132014
IL18,3606
IL18BP,10068
IL1A,3552
IL1RAP,3556
IL1RL1,9173
IL1RL2,8808
IL20,50604
IL20RA,53832
IL21R,50615
IL22RA1,58985
IL22RA2,116379
IL26,55801
IL27,246778
IL2RB,3560
IL31RA,133396
IL33,90865
IL34,146433
IL36G,56300
IL4,3565
IL4I1,259307
IL4R,3566
IL5,3567
IL6,3569
IL9,3578
ILVBL,10994
IMMP2L,83943
IMP3,55272
IMPA1,3612
IMPA2,3613
IMPACT,55364
IMPDH2,3615
IMPG1,3617
INF2,64423
ING1,3621
ING3,54556
INHBB,3625
INMT,11185
INO80C,125476
INO80E,283899
INPP1,3628
INPP4A,3631
INPP5B,3633
INPP5D,3635
INPP5K,51763
INSIG1,3638
INSIG2,51141
INSRR,3645
INTS2,57508
INTS3,65123
INTS4L1,285905
INTS5,80789
INTS9,55756
IP6K1,9807
IP6K3,117283
IPO11,51194
IPO13,9670
IPPK,64768
IQCF2,389123
IQCG,84223
IQCH,64799
IQUB,154865
IRAK1,3654
IRAK2,3656
IRAK4,51135
IREB2,3658
IRF2BP1,26145
IRF3,3661
IRF7,3665
IRF9,10379
IRS1,3667
IRS4,8471
IRX1,79192
IRX4,50805
IRX5,10265
ISCA2,122961
ISG20L2,81875
ISOC1,51015
ISOC2,79763
IST1,9798
ISX,91464
ISY1,57461
ITFG3,83986
ITGA9,3680
ITGAD,3681
ITGAE,3682
ITGAM,3684
ITGB1BP2,26548
ITGB6,3694
ITGB7,3695
ITIH2,3698
ITIH3,3699
ITIH4,3700
ITIH5,80760
ITK,3702
ITM2A,9452
ITPA,3704
ITPR2,3709
ITPRIP,85450
ITPRIPL1,150771
ITPRIPL2,162073
ITSN1,6453
IWS1,55677
IYD,389434
JAGN1,84522
JAK1,3716
JAM3,83700
JARID2,3720
JKAMP,51528
JMJD4,65094
JMJD7,100137047
JMY,133746
JRKL,8690
JTB,10899
JUN,3725
JUNB,3726
JUND,3727
KALRN,8997
KANK3,256949
KANK4,163782
KANSL1,284058
KANSL3,55683
KARS,3735
KAT5,10524
KAT6A,7994
KAT6B,23522
KAT8,84148
KATNAL1,84056
KATNAL2,83473
KATNBL1,79768
KAZN,23254
KBTBD4,55709
KCMF1,56888
KCNA2,3737
KCNA4,3739
KCNA5,3741
KCNA6,3742
KCNAB1,7881
KCNB2,9312
KCNC3,3748
KCND1,3750
KCND2,3751
KCNE1,3753
KCNE3,10008
KCNE4,23704
KCNG2,26251
KCNH3,23416
KCNH7,90134
KCNJ10,3766
KCNJ11,3767
KCNJ13,3769
KCNJ16,3773
KCNJ2,3759
KCNJ3,3760
KCNJ4,3761
KCNJ6,3763
KCNJ9,3765
KCNK15,60598
KCNK3,3777
KCNK4,50801
KCNN2,3781
KCNN3,3782
KCNQ2,3785
KCNQ3,3786
KCNRG,283518
KCNS2,3788
KCNV1,27012
KCNV2,169522
KCTD13,253980
KCTD16,57528
KCTD18,130535
KCTD2,23510
KCTD20,222658
KCTD3,51133
KCTD6,200845
KDELR1,10945
KDM1A,23028
KDM1B,221656
KDM3A,55818
KDM3B,51780
KDM4A,9682
KDM4B,23030
KDM4C,23081
KDM8,79831
KDR,3791
KEAP1,9817
KEL,3792
KERA,11081
KHDRBS1,10657
KHDRBS3,10656
KHSRP,8570
KIAA0087,9808
KIAA0226,9711
KIAA0232,9778
KIAA0319L,79932
KIAA0355,9710
KIAA0368,23392
KIAA0391,9692
KIAA0430,9665
KIAA0513,9764
KIAA0556,23247
KIAA0825,285600
KIAA0907,22889
KIAA0922,23240
KIAA0930,23313
KIAA1109,84162
KIAA1147,57189
KIAA1161,57462
KIAA1244,57221
KIAA1279,26128
KIAA1328,57536
KIAA1407,57577
KIAA1462,57608
KIAA1467,57613
KIAA1551,55196
KIAA1671,85379
KIAA1841,84542
KIAA2013,90231
KIAA2018,205717
KIAA2022,340533
KIDINS220,57498
KIF13B,23303
KIF20A,10112
KIF20B,9585
KIF21A,55605
KIF22,3835
KIF26A,26153
KIF2C,11004
KIF3B,9371
KIF5A,3798
KIF6,221458
KIF9,64147
KIFAP3,22920
KIFC2,90990
KIFC3,3801
KIR2DL1,3802
KIR2DL3,3804
KIR2DS4,3809
KIRREL3,84623
KISS1R,84634
KITLG,4254
KIZ,55857
KL,9365
KLB,152831
KLC2,64837
KLC4,89953
KLF1,10661
KLF13,51621
KLF14,136259
KLF16,83855
KLF17,128209
KLF6,1316
KLF8,11279
KLHDC1,122773
KLHDC4,54758
KLHDC7B,113730
KLHDC9,126823
KLHL10,317719
KLHL12,59349
KLHL17,339451
KLHL2,11275
KLHL20,27252
KLHL22,84861
KLHL24,54800
KLHL25,64410
KLHL34,257240
KLHL35,283212
KLHL36,79786
KLHL5,51088
KLHL6,89857
KLHL7,55975
KLK1,3816
KLK13,26085
KLK15,55554
KLK2,3817
KLK3,354
KLK4,9622
KLK7,5650
KLRB1,3820
KLRD1,3824
KMT2C,58508
KMT2E,55904
KNDC1,85442
KNOP1,400506
KPNA2,3838
KPNA5,3841
KRCC1,51315
KREMEN1,83999
KREMEN2,79412
KRIT1,889
KRT1,3848
KRT12,3859
KRT14,3861
KRT17,3872
KRT2,3849
KRT20,54474
KRT222,125113
KRT23,25984
KRT27,342574
KRT36,8689
KRT37,8688
KRT40,125115
KRT71,112802
KRT72,140807
KRT76,51350
KRT77,374454
KRT79,338785
KRT80,144501
KRT81,3887
KRT84,3890
KRT85,3891
KRTAP2-4,85294
KRTAP3-1,83896
KRTAP3-2,83897
KRTAP3-3,85293
KRTAP4-11,653240
KRTAP4-2,85291
KRTAP4-7,100132476
KRTAP5-9,3846
KRTAP8-1,337879
KRTCAP2,200185
KRTCAP3,200634
KSR1,8844
KSR2,283455
KTI12,112970
KTN1,3895
KXD1,79036
KYNU,8942
L1TD1,54596
L3MBTL1,26013
L3MBTL2,83746
LACE1,246269
LACRT,90070
LAG3,3902
LAGE3,8270
LAIR1,3903
LAIR2,3904
LALBA,3906
LAMA3,3909
LAMC3,10319
LAMP1,3916
LAMP2,3920
LAMTOR2,28956
LAMTOR3,8649
LAMTOR5,10542
LARP1B,55132
LAS1L,81887
LASP1,3927
LBP,3929
LCA5L,150082
LCAT,3931
LCE1B,353132
LCE3D,84648
LCK,3932
LCMT1,51451
LCMT2,9836
LCN1,3933
LCOR,84458
LCT,3938
LDB1,8861
LDHD,197257
LDLR,3949
LECT1,11061
LECT2,3950
LEMD2,221496
LEMD3,23592
LENG1,79165
LENG8,114823
LEO1,123169
LETMD1,25875
LGALS1,3956
LGALS12,85329
LGALS14,56891
LGALS8,3964
LGALS9,3965
LGI1,9211
LGR6,59352
LGSN,51557
LHFPL5,222662
LHX1,3975
LHX3,8022
LHX4,89884
LHX6,26468
LHX8,431707
LHX9,56956
LIG3,3980
LILRA3,11026
LILRB1,10859
LILRB2,10288
LILRB5,10990
LIMD1,8994
LIME1,54923
LIMK2,3985
LIMS1,3987
LIMS2,55679
LIN28A,79727
LIN28B,389421
LIN54,132660
LIN7A,8825
LIN7C,55327
LIN9,286826
LINC00238,440184
LINC00526,147525
LIPA,3988
LIPC,3990
LIPE,3991
LIPT1,51601
LIX1,167410
LLGL2,3993
LLPH,84298
LMAN1,3998
LMBRD1,55788
LMBRD2,92255
LMF2,91289
LMNB1,4001
LMNTD1,160492
LMO2,4005
LMO4,8543
LMTK2,22853
LMTK3,114783
LMX1A,4009
LMX1B,4010
LNX1,84708
LNX2,222484
LOC148413,148413
LOC155060,155060
LOC541472,541472
LOH12CR1,118426
LONP1,9361
LONRF1,91694
LOXHD1,125336
LOXL4,84171
LPAL2,80350
LPAR2,9170
LPAR3,23566
LPCAT1,79888
LPCAT3,10162
LPCAT4,254531
LPHN3,23284
LPIN1,23175
LPIN2,9663
LPL,4023
LPP,4026
LPPR2,64748
LRBA,987
LRCH4,4034
LRFN1,57622
LRG1,116844
LRIF1,55791
LRIG2,9860
LRIT1,26103
LRMP,4033
LRP2BP,55805
LRP5,4041
LRP5L,91355
LRP8,7804
LRRC1,55227
LRRC10B,390205
LRRC15,131578
LRRC18,474354
LRRC20,55222
LRRC23,10233
LRRC27,80313
LRRC40,55631
LRRC41,10489
LRRC46,90506
LRRC6,23639
LRRC61,65999
LRRC7,57554
LRRC75A-AS1,125144
LRRCC1,85444
LRRFIP1,9208
LRRFIP2,9209
LRRIQ3,127255
LRRK2,120892
LRRN1,57633
LRRN2,10446
LRRN4CL,221091
LRSAM1,90678
LSG1,55341
LSM1,27257
LSM11,134353
LSM14A,26065
LSM14B,149986
LSM3,27258
LSM4,25804
LSM5,23658
LSM7,51690
LSS,4047
LTA4H,4048
LTF,4057
LTN1,26046
LUC7L2,51631
LURAP1,541468
LURAP1L,286343
LUZP4,51213
LY6G5B,58496
LY6G6C,80740
LY6G6F,259215
LY6H,4062
LY86,9450
LYNX1,66004
LYPD3,27076
LYPD6B,130576
LYPLA2,11313
LYPLAL1,127018
LYRM1,57149
LYRM4,57128
LYRM7,90624
LYST,1130
LYZ,4069
LYZL4,131375
LZTR1,8216
M1AP,130951
M6PR,4074
MAATS1,89876
MAB21L1,4081
MAB21L2,10586
MAB21L3,126868
MACF1,23499
MACROD1,28992
MACROD2,140733
MAF1,84232
MAFK,7975
MAG,4099
MAGEA11,4110
MAGEB6,158809
MAGEH1,28986
MAGEL2,54551
MAGI1,9223
MAGOHB,55110
MAK16,84549
MAL,4118
MALT1,10892
MAML1,9794
MAML3,55534
MAMSTR,284358
MAN1A2,10905
MAN2A1,4124
MAN2B1,4125
MAN2B2,23324
MANEA,79694
MAP1LC3B,81631
MAP1S,55201
MAP2K1,5604
MAP2K2,5605
MAP2K5,5607
MAP2K6,5608
MAP2K7,5609
MAP3K12,7786
MAP3K13,9175
MAP3K14,9020
MAP3K2,10746
MAP3K4,4216
MAP3K9,4293
MAP4,4134
MAP7D1,55700
MAP9,79884
MAPK14,1432
MAPK1IP1L,93487
MAPK3,5595
MAPK6,5597
MAPK8,5599
MAPK8IP3,23162
MAPK9,5601
MAPKAPK2,9261
MAPRE1,22919
MAPT,4137
MARCHF4,57574
MARCHF6,10299
MARCHF9,92979
MARK2,2011
MARK4,57787
MARS,4141
MARVELD3,91862
MAT2B,27430
MATK,4145
MATN1,4146
MATN3,4148
MAU2,23383
MAVS,57506
MAZ,4150
MB,4151
MB21D2,151963
MBD2,8932
MBD3,53615
MBD6,114785
MBL2,4153
MBTD1,54799
MBTPS1,8720
MBTPS2,51360
MC1R,4157
MC4R,4160
MCAT,27349
MCCC1,56922
MCCC2,64087
MCEE,84693
MCF2,4168
MCHR1,2847
MCHR2,84539
MCMBP,79892
MCOLN1,57192
MCRS1,10445
MCTS1,28985
MDFI,4188
MDGA1,266727
MDGA2,161357
MDH2,4191
MDM1,56890
MDM4,4194
ME1,4199
MEAF6,64769
MECOM,2122
MECP2,4204
MED1,5469
MED11,400569
MED12,9968
MED13,9969
MED13L,23389
MED14,9282
MED15,51586
MED16,10025
MED17,9440
MED19,219541
MED20,9477
MED21,9412
MED22,6837
MED23,9439
MED24,9862
MED26,9441
MED28,80306
MED29,55588
MED6,10001
MED7,9443
MED8,112950
MED9,55090
MEDAG,84935
MEF2BNB,729991
MEF2D,4209
MEGF8,1954
MEI1,150365
MEIS2,4212
MEIS3,56917
MELK,9833
MEN1,4221
MEOX2,4223
MEPCE,56257
MESDC2,23184
MESP1,55897
MEST,4232
METAP1,23173
METRNL,284207
METTL10,399818
METTL13,51603
METTL14,57721
METTL16,79066
METTL17,64745
METTL18,92342
METTL20,254013
METTL21A,151194
METTL22,79091
METTL23,124512
METTL25,84190
METTL3,56339
METTL9,51108
MFAP1,4236
MFAP3,4238
MFAP3L,9848
MFAP4,4239
MFF,56947
MFI2,4241
MFN1,55669
MFSD10,10227
MFSD3,113655
MFSD6,54842
MFSD8,256471
MFSD9,84804
MGAT3,4248
MGEA5,10724
MGP,4256
MGRN1,23295
MGST2,4258
MICAL1,64780
MICALL1,85377
MICU1,10367
MICU2,221154
MID1IP1,58526
MID2,11043
MIEF1,54471
MIEF2,125170
MIF4GD,57409
MINA,84864
MINK1,50488
MIOS,54468
MITD1,129531
MKKS,8195
MKL1,57591
MKNK2,2872
MKRN2,23609
MKS1,54903
MLEC,9761
MLF1,4291
MLH1,4292
MLH3,27030
MLIP,90523
MLLT1,4298
MLLT10,8028
MLLT6,4302
MLPH,79083
MLST8,64223
MLXIP,22877
MLYCD,23417
MMACHC,25974
MMP10,4319
MMP14,4323
MMP19,4327
MMP20,9313
MMP24,10893
MMP25,64386
MMP26,56547
MMP3,4314
MMP7,4316
MMRN2,79812
MNDA,4332
MNS1,55329
MNT,4335
MNX1,3110
MOB2,81532
MOBP,4336
MOCS3,27304
MOGAT3,346606
MON1A,84315
MON1B,22879
MON2,23041
MORC1,27136
MORC2,22880
MORC4,79710
MOV10,4343
MPC2,25874
MPDU1,9526
MPEG1,219972
MPG,4350
MPHOSPH6,10200
MPLKIP,136647
MPP2,4355
MPP7,143098
MPPE1,65258
MPV17,4358
MPZ,4359
MRAP2,112609
MREG,55686
MRFAP1L1,114932
MRGBP,55257
MRGPRX1,259249
MRI1,84245
MRM1,79922
MRPL13,28998
MRPL18,29074
MRPL19,9801
MRPL22,29093
MRPL24,79590
MRPL28,10573
MRPL3,11222
MRPL32,64983
MRPL34,64981
MRPL36,64979
MRPL37,51253
MRPL38,64978
MRPL40,64976
MRPL41,64975
MRPL42,28977
MRPL45,84311
MRPL46,26589
MRPL49,740
MRPL50,54534
MRPL51,51258
MRPL53,116540
MRPL55,128308
MRPS10,55173
MRPS17,51373
MRPS2,51116
MRPS21,54460
MRPS23,51649
MRPS25,64432
MRPS26,64949
MRPS27,23107
MRPS31,10240
MRPS34,65993
MRPS36,92259
MRPS9,64965
MRTO4,51154
MS4A12,54860
MS4A7,58475
MSANTD2,79684
MSC,9242
MSH3,4437
MSH4,4438
MSH6,2956
MSI1,4440
MSI2,124540
MSL2,55167
MSL3,10943
MSLN,10232
MSMB,4477
MSMO1,6307
MSN,4478
MSR1,4481
MSRB2,22921
MST1,4485
MSX1,4487
MTCH2,23788
MTCP1,4515
MTDH,92140
MTERF1,7978
MTERF4,130916
MTF1,4520
MTFMT,123263
MTG1,92170
MTHFD1L,25902
MTHFR,4524
MTHFSD,64779
MTIF2,4528
MTIF3,219402
MTMR1,8776
MTMR14,64419
MTMR2,8898
MTMR3,8897
MTMR6,9107
MTMR9,66036
MTNR1B,4544
MTR,4548
MTTP,4547
MUC12,10071
MUC5AC,4586
MUC6,4588
MUC7,4589
MUCL1,118430
MUT,4594
MUTYH,4595
MVB12A,93343
MVD,4597
MVK,4598
MXD1,4084
MYBBP1A,10514
MYBPC1,4604
MYBPC2,4606
MYBPH,4608
MYCBPAP,84073
MYEOV2,150678
MYF6,4618
MYH1,4619
MYH13,8735
MYH14,79784
MYH2,4620
MYH3,4621
MYH4,4622
MYH6,4624
MYH7B,57644
MYH8,4626
MYH9,4627
MYL1,4632
MYL10,93408
MYL12A,10627
MYL12B,103910
MYL2,4633
MYL4,4635
MYL5,4636
MYLIP,29116
MYLK3,91807
MYLK4,340156
MYNN,55892
MYO15B,80022
MYO18B,84700
MYO19,80179
MYO1A,4640
MYO1E,4643
MYO5A,4644
MYO6,4646
MYO9A,4649
MYO9B,4650
MYOC,4653
MYOCD,93649
MYOM1,8736
MYOM3,127294
MYRIP,25924
MYT1,4661
MZF1,7593
N4BP2L2,10443
N4BP3,23138
N6AMT2,221143
NAA10,8260
NAA11,84779
NAA15,80155
NAA20,51126
NAA25,80018
NAA35,60560
NAA38,84316
NAA40,79829
NAAA,27163
NAALADL2,254827
NAB1,4664
NAB2,4665
NACA,4666
NACA2,342538
NACAP1,83955
NACC1,112939
NADK2,133686
NADSYN1,55191
NAE1,8883
NAGK,55577
NAGPA,51172
NALCN,259232
NAMPT,10135
NANOS3,342977
NANP,140838
NANS,54187
NAP1L2,4674
NAPA,8775
NAPB,63908
NAPRT,93100
NAPSA,9476
NAT1,9
NAT2,10
NAT8,9027
NAT9,26151
NATD1,256302
NBPF3,84224
NCAM2,4685
NCAPD2,9918
NCAPD3,23310
NCCRP1,342897
NCF4,4689
NCKAP1,10787
NCKAP5,344148
NCL,4691
NCLN,56926
NCOA2,10499
NCOA3,8202
NCOA4,8031
NCOA6,23054
NCOA7,135112
NCOR1,9611
NCR1,9437
NCR2,9436
NDE1,54820
NDP,4693
NDRG1,10397
NDRG3,57446
NDRG4,65009
NDST1,3340
NDUFA10,4705
NDUFA13,51079
NDUFA2,4695
NDUFA3,4696
NDUFA4,4697
NDUFA4L2,56901
NDUFA7,4701
NDUFA9,4704
NDUFAB1,4706
NDUFAF1,51103
NDUFAF4,29078
NDUFAF5,79133
NDUFAF7,55471
NDUFB1,4707
NDUFB10,4716
NDUFB5,4711
NDUFB6,4712
NDUFB7,4713
NDUFB9,4715
NDUFC2,4718
NDUFS1,4719
NDUFS2,4720
NDUFS3,4722
NDUFS4,4724
NDUFS5,4725
NDUFS6,4726
NDUFS7,374291
NDUFS8,4728
NDUFV1,4723
NDUFV3,4731
NEB,4703
NEBL,10529
NECAB3,63941
NECAP1,25977
NEDD1,121441
NEDD4L,23327
NEFM,4741
NEK2,4751
NEK4,6787
NEK6,10783
NEK8,284086
NEK9,91754
NELFB,25920
NELFCD,51497
NELL2,4753
NEMF,9147
NENF,29937
NETO1,81832
NEU3,10825
NEURL1,9148
NEURL2,140825
NEURL4,84461
NEUROD4,58158
NEUROD6,63974
NEUROG1,4762
NEUROG2,63973
NEUROG3,50674
NF1,4763
NF2,4771
NFASC,23114
NFATC2,4773
NFATC3,4775
NFE2L1,4779
NFKBIB,4793
NFKBIL1,4795
NFS1,9054
NFU1,27247
NFX1,4799
NFXL1,152518
NFYB,4801
NFYC,4802
NGFRAP1,27018
NHEJ1,79840
NHLH1,4807
NHP2,55651
NHP2L1,4809
NID2,22795
NIF3L1,60491
NINJ2,4815
NIP7,51388
NIPAL3,57185
NIPSNAP3A,25934
NIT1,4817
NKAP,79576
NKD1,85407
NKD2,85409
NKIRAS1,28512
NKIRAS2,28511
NKRF,55922
NKX3-1,4824
NLE1,54475
NLN,57486
NLRC3,197358
NLRP10,338322
NLRP2,55655
NLRP3,114548
NLRP7,199713
NLRX1,79671
NMB,4828
NMD3,51068
NME3,4832
NME4,4833
NME5,8382
NME6,10201
NME7,29922
NMRAL1,57407
NMUR2,56923
NOB1,28987
NOD1,10392
NOD2,64127
NOL10,79954
NOL3,8996
NOL4L,140688
NOL7,51406
NOL8,55035
NOLC1,9221
NOM1,64434
NONO,4841
NOP16,51491
NOP56,10528
NOS1,4842
NOS2,4843
NOSIP,51070
NOSTRIN,115677
NOTCH2,4853
NOVA1,4857
NOX1,27035
NOX4,50507
NOXO1,124056
NPAT,4863
NPB,256933
NPBWR2,2832
NPDC1,56654
NPEPPS,9520
NPFF,8620
NPFFR1,64106
NPM3,10360
NPNT,255743
NPPA,4878
NPPB,4879
NPR1,4881
NPR2,4882
NPR3,4883
NPRL3,8131
NPTX2,4885
NPY,4852
NPY5R,4889
NQO2,4835
NR0B1,190
NR1D2,9975
NR1H2,7376
NR1H3,10062
NR1H4,9971
NR1I3,9970
NR2C1,7181
NR2C2AP,126382
NR2E3,10002
NR2F1,7025
NR2F6,2063
NR3C1,2908
NR4A1,3164
NR6A1,2649
NRAP,4892
NRAS,4893
NRBF2,29982
NRBP1,29959
NRCAM,4897
NREP,9315
NRG3,10718
NRG4,145957
NRIP2,83714
NRK,203447
NRSN2,80023
NRXN1,9378
NRXN3,9369
NSD1,64324
NSDHL,50814
NSFL1C,55968
NSL1,25936
NSMCE2,286053
NSMF,26012
NSRP1,84081
NSUN3,63899
NT5C,30833
NT5C2,22978
NT5C3A,51251
NT5DC3,51559
NTS,4922
NTSR1,4923
NUB1,51667
NUBP2,10101
NUBPL,80224
NUCB1,4924
NUCKS1,64710
NUDCD3,23386
NUDT10,170685
NUDT12,83594
NUDT14,256281
NUDT16,131870
NUDT16L1,84309
NUDT18,79873
NUDT19,390916
NUDT22,84304
NUDT5,11164
NUDT6,11162
NUDT9,53343
NUFIP2,57532
NUMA1,4926
NUMB,8650
NUMBL,9253
NUP133,55746
NUP153,9972
NUP155,9631
NUP160,23279
NUP210L,91181
NUP214,8021
NUP62CL,54830
NUP93,9688
NUP98,4928
NUPL2,11097
NVL,4931
NXF1,10482
NXF3,56000
NXF5,55998
NXPE3,91775
NXPH1,30010
NXPH3,11248
NYAP1,222950
NYAP2,57624
NYNRIN,57523
OAS1,4938
OAZ1,4946
OAZ2,4947
OAZ3,51686
OBFC1,79991
OBP2B,29989
OBSCN,84033
OCEL1,79629
ODAM,54959
ODC1,4953
ODF1,4956
ODF3,113746
OFCC1,266553
OGFOD2,79676
OGT,8473
OIP5,11339
OLFM1,10439
OLFM3,118427
OLFML3,56944
OLIG3,167826
OMG,4974
ONECUT1,3175
ONECUT2,9480
OPA1,4976
OPA3,80207
OPN4,94233
OPRK1,4986
OPRL1,4987
OPTC,26254
OR10J1,26476
OR1G1,8390
OR2W1,26692
OR3A1,4994
OR3A2,4995
OR51B4,79339
OR52A1,23538
OR8D2,283160
ORC2,4999
ORC5,5001
ORM1,5004
ORMDL1,94101
ORMDL3,94103
OS9,10956
OSBP,5007
OSBPL11,114885
OSBPL1A,114876
OSBPL2,9885
OSBPL3,26031
OSBPL8,114882
OSBPL9,114883
OSCAR,126014
OSGEP,55644
OSM,5008
OSTF1,26578
OSTM1,28962
OTC,5009
OTUB1,55611
OTUD1,220213
OTUD5,55593
OTUD6B,51633
OTULIN,90268
OTX2,5015
OVGP1,5016
OXCT1,5019
OXR1,55074
P2RX2,22953
P2RX4,5025
P2RX6,9127
P2RY1,5028
P2RY12,64805
P2RY2,5029
P2RY8,286530
PAAF1,80227
PABPC3,5042
PABPC4L,132430
PACRG,135138
PACRGL,133015
PACS2,23241
PACSIN3,29763
PADI1,29943
PADI2,11240
PADI3,51702
PAFAH1B3,5050
PAGR1,79447
PAH,5053
PAK1,5058
PAK1IP1,55003
PAK2,5062
PAK3,5063
PAK4,10298
PALB2,79728
PALD1,27143
PALM2,114299
PAN2,9924
PANK1,53354
PANK2,80025
PANK3,79646
PANX3,116337
PAPLN,89932
PAPOLG,64895
PAPSS1,9061
PAQR5,54852
PAQR6,79957
PAQR8,85315
PARD6A,50855
PARD6B,84612
PARG,8505
PARK2,5071
PARK7,11315
PARL,55486
PARN,5073
PARP1,142
PARP10,84875
PARP11,57097
PARP12,64761
PARP3,10039
PARP8,79668
PARPBP,55010
PASD1,139135
PATE1,160065
PAX1,5075
PAX2,5076
PAX7,5081
PBDC1,51260
PBLD,64081
PBX3,5090
PBXIP1,57326
PCBD1,5092
PCBD2,84105
PCBP2,5094
PCBP3,54039
PCCA,5095
PCCB,5096
PCDH10,57575
PCDH11X,27328
PCDH17,27253
PCDH19,57526
PCDH8,5100
PCDHA2,56146
PCDHA3,56145
PCDHA5,56143
PCDHAC2,56134
PCDHB15,56121
PCDHB3,56132
PCDHB8,56128
PCDHGA11,56105
PCF11,51585
PCGF3,10336
PCGF5,84333
PCID2,55795
PCIF1,63935
PCM1,5108
PCMT1,5110
PCMTD1,115294
PCMTD2,55251
PCNP,57092
PCNXL4,64430
PCP2,126006
PCP4,5121
PCP4L1,654790
PCSK2,5126
PCSK4,54760
PCSK9,255738
PCYT1A,5130
PCYT2,5833
PDCD11,22984
PDCD1LG2,80380
PDCD4,27250
PDCD6,10016
PDDC1,347862
PDE11A,50940
PDE1A,5136
PDE2A,5138
PDE3A,5139
PDE3B,5140
PDE4D,5144
PDE5A,8654
PDE6A,5145
PDE6B,5158
PDE6G,5148
PDE7A,5150
PDE7B,27115
PDE8A,5151
PDE8B,8622
PDE9A,5152
PDGFA,5154
PDGFC,56034
PDGFRA,5156
PDGFRB,5159
PDGFRL,5157
PDHA1,5160
PDHB,5162
PDIA2,64714
PDIA4,9601
PDIA6,10130
PDILT,204474
PDK3,5165
PDLIM3,27295
PDLIM7,9260
PDP1,54704
PDPK1,5170
PDPR,55066
PDRG1,81572
PDX1,3651
PDXDC1,23042
PDXK,8566
PDZD9,255762
PEBP1,5037
PEBP4,157310
PELI3,246330
PENK,5179
PER3,8863
PET100,100131801
PEX10,5192
PEX11A,8800
PEX11B,8799
PEX12,5193
PEX13,5194
PEX14,5195
PEX16,9409
PEX2,5828
PEX3,8504
PEX5,5830
PF4V1,5197
PFAS,5198
PFDN4,5203
PFDN6,10471
PFKFB1,5207
PFKFB3,5209
PGAM5,192111
PGAP2,27315
PGC,5225
PGD,5226
PGM1,5236
PGM5,5239
PGP,283871
PGR,5241
PGRMC2,10424
PHACTR4,65979
PHAX,51808
PHB,5245
PHB2,11331
PHC2,1912
PHC3,80012
PHEX,5251
PHF1,5252
PHF11,51131
PHF14,9678
PHF2,5253
PHF20,51230
PHF20L1,51105
PHF23,79142
PHF3,23469
PHF5A,84844
PHF6,84295
PHKB,5257
PHKG2,5261
PHLDB3,653583
PHLPP2,23035
PHOX2B,8929
PHRF1,57661
PHTF2,57157
PHYH,5264
PHYHD1,254295
PHYHIPL,84457
PI3,5266
PI4KA,5297
PI4KB,5298
PIAS1,8554
PIAS3,10401
PIAS4,51588
PIBF1,10464
PICK1,9463
PIDD1,55367
PIEZO1,9780
PIEZO2,63895
PIGC,5279
PIGH,5283
PIGM,93183
PIGN,23556
PIGP,51227
PIGR,5284
PIGX,54965
PIGY,84992
PIH1D1,55011
PIH1D2,120379
PIK3CA,5290
PIK3IP1,113791
PIK3R2,5296
PIK3R6,146850
PIM1,5292
PIM2,11040
PIM3,415116
PIN1,5300
PIN1P1,5301
PIN4,5303
PINK1,65018
PIP,5304
PIP4K2A,5305
PIP5K1A,8394
PIP5K1C,23396
PIPOX,51268
PITPNA,5306
PITPNC1,26207
PITPNM1,9600
PITPNM3,83394
PITRM1,10531
PITX1,5307
PITX3,5309
PKD2L1,9033
PKD2L2,27039
PKIG,11142
PKLR,5313
PKN3,29941
PLA1A,51365
PLA2G12A,81579
PLA2G15,23659
PLA2G16,11145
PLA2G1B,5319
PLA2G2D,26279
PLA2G4C,8605
PLA2G5,5322
PLA2G6,8398
PLA2G7,7941
PLAC1,10761
PLB1,151056
PLBD2,196463
PLCD4,84812
PLCXD1,55344
PLD3,23646
PLEKHA2,59339
PLEKHA4,57664
PLEKHA7,144100
PLEKHA8,84725
PLEKHB1,58473
PLEKHF2,79666
PLEKHG2,64857
PLEKHH1,57475
PLEKHH2,130271
PLEKHH3,79990
PLEKHJ1,55111
PLEKHM1,9842
PLEKHM2,23207
PLEKHM3,389072
PLEKHS1,79949
PLIN1,5346
PLK3,1263
PLP2,5355
PLTP,5360
PLXDC1,57125
PLXNB3,5365
PM20D2,135293
PMP2,5375
PMPCA,23203
PMPCB,9512
PMS1,5378
PMS2P1,5379
PMVK,10654
PNKD,25953
PNKP,11284
PNLIPRP1,5407
PNLIPRP2,5408
PNMA1,9240
PNMA3,29944
PNMAL2,57469
PNOC,5368
PNPLA2,57104
PNPLA6,10908
PNPLA8,50640
PNRC1,10957
PNRC2,55629
POC1B,282809
PODXL,5420
PODXL2,50512
POF1B,79983
POFUT1,23509
POGLUT1,56983
POLB,5423
POLD2,5425
POLD3,10714
POLD4,57804
POLDIP3,84271
POLI,11201
POLK,51426
POLL,27343
POLM,27434
POLN,353497
POLR1A,25885
POLR1D,51082
POLR2C,5432
POLR2G,5436
POLR2K,5440
POLR3A,11128
POLR3B,55703
POLR3C,10623
POLR3D,661
POLR3GL,84265
POMP,51371
POMT1,10585
POMT2,29954
PON1,5444
POP7,10248
POPDC2,64091
POU1F1,5449
POU2F1,5451
POU2F3,25833
POU3F2,5454
POU3F4,5456
PP2D1,151649
PPA1,5464
PPA2,27068
PPAN,56342
PPAP2A,8611
PPARA,5465
PPARGC1A,10891
PPBP,5473
PPCDC,60490
PPDPF,79144
PPFIA1,8500
PPFIA2,8499
PPFIBP1,8496
PPIA,5478
PPID,5481
PPIE,10450
PPIF,10105
PPIG,9360
PPIL2,23759
PPM1A,5494
PPM1D,8493
PPM1F,9647
PPM1G,5496
PPM1J,333926
PPM1L,151742
PPP1CA,5499
PPP1CB,5500
PPP1R12C,54776
PPP1R13B,23368
PPP1R14D,54866
PPP1R15A,23645
PPP1R16B,26051
PPP1R18,170954
PPP1R1A,5502
PPP1R1B,84152
PPP1R1C,151242
PPP1R2,5504
PPP1R37,284352
PPP1R3A,5506
PPP1R3C,5507
PPP1R3D,5509
PPP1R3E,90673
PPP2CA,5515
PPP2CB,5516
PPP2R2A,5520
PPP2R2C,5522
PPP2R5A,5525
PPP2R5B,5526
PPP3CA,5530
PPP3CC,5533
PPP3R1,5534
PPP3R2,5535
PPP4C,5531
PPP4R1L,55370
PPP4R2,151987
PPP4R4,57718
PPP6C,5537
PPP6R1,22870
PPRC1,23082
PPT1,5538
PPT2,9374
PPWD1,23398
PQLC1,80148
PRAM1,84106
PRAMEF12,390999
PRAP1,118471
PRB3,5544
PRDM15,63977
PRDM16,63976
PRDM5,11107
PRDM6,93166
PRDX1,5052
PRDX2,7001
PRDX5,25824
PRDX6,9588
PREB,10113
PRELID1,27166
PREP,5550
PRF1,5551
PRICKLE2,166336
PRICKLE3,4007
PRIM1,5557
PRIM2,5558
PRKAA1,5562
PRKAA2,5563
PRKACB,5567
PRKACG,5568
PRKAG1,5571
PRKAR1B,5575
PRKAR2A,5576
PRKCI,5584
PRKD2,25865
PRKDC,5591
PRKG1,5592
PRKY,5616
PRL,5617
PRLR,5618
PRMT6,55170
PRMT7,54496
PROC,5624
PROCR,10544
PROL1,58503
PROP1,5626
PROSC,11212
PROX1,5629
PROZ,8858
PRPF19,27339
PRPF39,55015
PRPF6,24148
PRPF8,10594
PRPH2,5961
PRPS1,5631
PRPSAP2,5636
PRR11,55771
PRR12,57479
PRR14,78994
PRR19,284338
PRR22,163154
PRR29,92340
PRR5L,79899
PRRC1,133619
PRRC2B,84726
PRRC2C,23215
PRRT2,112476
PRRT3,285368
PRRX1,5396
PRSS1,5644
PRSS3,5646
PRSS37,136242
PRTG,283659
PRTN3,5657
PRUNE,58497
PRUNE2,158471
PSAT1,29968
PSCA,8000
PSD2,84249
PSEN1,5663
PSG1,5669
PSG11,5680
PSG2,5670
PSIP1,11168
PSKH1,5681
PSKH2,85481
PSMA1,5682
PSMA2,5683
PSMA4,5685
PSMA5,5686
PSMB2,5690
PSMB3,5691
PSMB5,5693
PSMB9,5698
PSMC2,5701
PSMC3,5702
PSMC5,5705
PSMD1,5707
PSMD11,5717
PSMD13,5719
PSMD2,5708
PSMD4,5710
PSMD6,9861
PSMD7,5713
PSME1,5720
PSMF1,9491
PSMG3,84262
PSORS1C2,170680
PSPH,5723
PTCD2,79810
PTCH2,8643
PTCRA,171558
PTDSS2,81490
PTEN,5728
PTGDR,5729
PTGER3,5733
PTGES,9536
PTGES2,80142
PTGFR,5737
PTGIS,5740
PTGR2,145482
PTGS1,5742
PTH,5741
PTH2,113091
PTK6,5753
PTOV1,53635
PTP4A1,7803
PTPMT1,114971
PTPN1,5770
PTPN23,25930
PTPN3,5774
PTPRB,5787
PTPRC,5788
PTPRCAP,5790
PTPRD,5789
PTPRH,5794
PTPRN2,5799
PTPRO,5800
PTPRT,11122
PTPRZ1,5803
PTTG1IP,754
PUM2,23369
PURA,5813
PUS1,80324
PUS3,83480
PUS7,54517
PUS7L,83448
PVRL2,5819
PVRL4,81607
PWP1,11137
PWP2,5822
PWWP2A,114825
PXK,54899
PXMP4,11264
PXYLP1,92370
PYCR1,5831
PYCR2,29920
PYDC1,260434
PYGB,5834
PYGM,5837
PYGO2,90780
PYROXD1,79912
PYROXD2,84795
PYY,5697
QPCTL,54814
QSER1,79832
QSOX1,5768
QSOX2,169714
QTRT1,81890
R3HDM1,23518
R3HDM2,22864
R3HDM4,91300
RAB10,10890
RAB11A,8766
RAB11FIP2,22841
RAB12,201475
RAB14,51552
RAB18,22931
RAB1B,81876
RAB20,55647
RAB22A,57403
RAB24,53917
RAB25,57111
RAB26,25837
RAB27B,5874
RAB29,8934
RAB2B,84932
RAB30,27314
RAB33B,83452
RAB35,11021
RAB39A,54734
RAB3D,9545
RAB3GAP2,25782
RAB40C,57799
RAB4A,5867
RAB5A,5868
RAB5B,5869
RAB5C,5878
RAB6A,5870
RABAC1,10567
RABEP1,9135
RABEPK,10244
RABGEF1,27342
RABGGTA,5875
RABGGTB,5876
RAD23B,5887
RAD50,10111
RAD51AP1,10635
RAD51B,5890
RAD51C,5889
RAD52,5893
RAD54B,25788
RAD54L2,23132
RAD9A,5883
RADIL,55698
RAE1,8480
RAET1E,135250
RAF1,5894
RAG2,5897
RAI2,10742
RALA,5898
RALGAPA2,57186
RALGAPB,57148
RALGDS,5900
RALGPS1,9649
RALY,22913
RALYL,138046
RAMP2,10266
RANBP10,57610
RANBP17,64901
RANBP2,5903
RANBP3,8498
RANBP6,26953
RANBP9,10048
RANGAP1,5905
RANGRF,29098
RAP1GDS1,5910
RAP2C,57826
RAPGEF1,2889
RAPGEF2,9693
RAPGEF4,11069
RAPGEF6,51735
RAPGEFL1,51195
RAPSN,5913
RARB,5915
RARS2,57038
RASA3,22821
RASD2,23551
RASGEF1A,221002
RASGEF1C,255426
RASGRP2,10235
RASL10B,91608
RASL11B,65997
RASL12,51285
RASSF3,283349
RASSF6,166824
RASSF7,8045
RASSF9,9182
RAX,30062
RAX2,84839
RB1,5925
RBAK,57786
RBBP7,5931
RBBP8,5932
RBBP9,10741
RBKS,64080
RBM11,54033
RBM12,10137
RBM15B,29890
RBM20,282996
RBM27,54439
RBM3,5935
RBM34,23029
RBM4,5936
RBM48,84060
RBM4B,83759
RBM7,10179
RBMS1,5937
RBMX2,51634
RBMXL2,27288
RBMY2FP,159162
RBP1,5947
RBP2,5948
RBPMS2,348093
RC3H1,149041
RCAN3,11123
RCBTB1,55213
RCBTB2,1102
RCC1,1104
RCC2,55920
RCCD1,91433
RCE1,9986
RCHY1,25898
RCN2,5955
RCOR2,283248
RCOR3,55758
RCSD1,92241
RDH11,51109
RDH12,145226
RDH13,112724
RDM1,201299
RDX,5962
REC8,9985
RECQL5,9400
REEP3,221035
REEP5,7905
REEP6,92840
REG1A,5967
REG3A,5068
RELA,5970
RELL1,768211
RELL2,285613
RELT,84957
REN,5972
REPIN1,29803
RERE,473
RET,5979
REXO1,57455
REXO2,25996
REXO4,57109
RFC4,5984
RFK,55312
RFPL2,10739
RFPL3,10738
RFWD3,55159
RFX2,5990
RFX6,222546
RFXANK,8625
RFXAP,5994
RGAG1,57529
RGL2,5863
RGL4,266747
RGN,9104
RGS1,5996
RGS10,6001
RGS11,8786
RGS18,64407
RGS2,5997
RGS22,26166
RGS5,8490
RGS6,9628
RGS8,85397
RGS9BP,388531
RHAG,6005
RHBDF1,64285
RHBDL3,162494
RHD,6007
RHOBTB3,22836
RHOT1,55288
RHOV,171177
RHPN1-AS1,78998
RIBC1,158787
RIC8A,60626
RIMBP2,23504
RIMS1,22999
RIMS3,9783
RIN1,9610
RING1,6015
RINT1,60561
RIOK1,83732
RIOK3,8780
RIPPLY1,92129
RIT1,6016
RIT2,6014
RLBP1,6017
RLF,6018
RLIM,51132
RLN1,6013
RLN2,6019
RMDN1,51115
RMDN3,55177
RMND1,55005
RMND5B,64777
RNASE1,6035
RNASE3,6037
RNASEH1,246243
RNASEH2B,79621
RNASEH2C,84153
RND1,27289
RND2,8153
RNF103,7844
RNF111,54778
RNF112,7732
RNF113A,7737
RNF114,55905
RNF123,63891
RNF126,55658
RNF13,11342
RNF135,84282
RNF14,9604
RNF141,50862
RNF145,153830
RNF166,115992
RNF167,26001
RNF170,81790
RNF175,285533
RNF180,285671
RNF181,51255
RNF183,138065
RNF2,6045
RNF20,56254
RNF212,285498
RNF216,54476
RNF217,154214
RNF220,55182
RNF39,80352
RNF40,9810
RNF41,10193
RNF43,54894
RNF6,6049
RNF8,9025
RNFT1,51136
RNFT2,84900
RNH1,6050
RNLS,55328
RNMT,8731
RNMTL1,55178
RNPC3,55599
RNPEP,6051
RNPS1,10921
ROBO3,64221
ROCK1,6093
ROGDI,79641
ROM1,6094
ROR2,4920
RORC,6097
RP2,6102
RP9,6100
RP9P,441212
RPA1,6117
RPA3,6119
RPA4,29935
RPAIN,84268
RPE65,6121
RPF1,80135
RPGR,6103
RPGRIP1,57096
RPH3A,22895
RPH3AL,9501
RPIA,22934
RPL10,6134
RPL10L,140801
RPL13,6137
RPL15,6138
RPL22,6146
RPL23,9349
RPL27A,6157
RPL28,6158
RPL3,6122
RPL30,6156
RPL31,6160
RPL36,25873
RPL39L,116832
RPL8,6132
RPLP2,6181
RPN1,6184
RPRD1A,55197
RPRD1B,58490
RPRM,56475
RPS11,6205
RPS14,6208
RPS19,6223
RPS23,6228
RPS4Y1,6192
RPS6,6194
RPS6KA3,6197
RPS6KA5,9252
RPS6KB1,6198
RPS6KB2,6199
RRAGB,10325
RRH,10692
RRN3,54700
RRP1,8568
RRP12,23223
RRP15,51018
RRP1B,23076
RRP8,23378
RS1,6247
RSBN1,54665
RSBN1L,222194
RSL1D1,26156
RSL24D1,51187
RSPH1,89765
RSPH9,221421
RSPO2,340419
RSPO3,84870
RSPO4,343637
RSPRY1,89970
RSRP1,57035
RSU1,6251
RTCA,8634
RTDR1,27156
RTEL1,51750
RTFDC1,51507
RTN1,6252
RTN2,6253
RTN3,10313
RTN4RL1,146760
RTN4RL2,349667
RUFY3,22902
RUSC1,23623
RWDD1,51389
RWDD3,25950
RXFP1,59350
RXFP2,122042
RXFP3,51289
RXRB,6257
RYR2,6262
RYR3,6263
S100A1,6271
S100A12,6283
S100A13,6284
S100A14,57402
S100A3,6274
S100A5,6276
S100A9,6280
S100P,6286
S100Z,170591
S1PR2,9294
SAAL1,113174
SAC3D1,29901
SACM1L,22908
SAE1,10055
SAFB,6294
SAFB2,9667
SAG,6295
SALL3,27164
SALL4,57167
SAMD3,154075
SAMD4B,55095
SAMM50,25813
SAMSN1,64092
SAP130,79595
SAP18,10284
SARAF,51669
SARM1,23098
SARS,6301
SART1,9092
SART3,9733
SASH1,23328
SAT1,6303
SAT2,112483
SATB1,6304
SAV1,60485
SBK1,388228
SBNO2,22904
SCAF1,58506
SCAF4,57466
SCAF8,22828
SCAMP1,9522
SCAMP5,192683
SCAND1,51282
SCARA5,286133
SCARB2,950
SCARF2,91179
SCCPDH,51097
SCEL,8796
SCGB1A1,7356
SCGB1D2,10647
SCGB2A1,4246
SCGB2A2,4250
SCGB3A1,92304
SCGN,10590
SCLT1,132320
SCMH1,22955
SCN10A,6336
SCN4A,6329
SCN5A,6331
SCNN1A,6337
SCNN1B,6338
SCNN1G,6340
SCOC,60592
SCP2,6342
SCPEP1,59342
SCRIB,23513
SCRN2,90507
SCT,6343
SCTR,6344
SCUBE1,80274
SCUBE2,57758
SCUBE3,222663
SCYL1,57410
SCYL2,55681
SCYL3,57147
SDCCAG8,10806
SDHAF2,54949
SDK1,221935
SDPR,8436
SDR16C5,195814
SEC11A,23478
SEC14L1,6397
SEC14L2,23541
SEC14L4,284904
SEC16A,9919
SEC16B,89866
SEC22A,26984
SEC22B,9554
SEC22C,9117
SEC23A,10484
SEC23IP,11196
SEC24B,10427
SEC31A,22872
SEC31B,25956
SEC61G,23480
SEC62,7095
SEC63,11231
SECISBP2L,9728
SEL1L,6400
SELE,6401
SELENBP1,8991
SELP,6403
SEMA3E,9723
SEMA4G,57715
SEMA5A,9037
SEMA6D,80031
SENP2,59343
SENP3,26168
SENP5,205564
SENP6,26054
SENP8,123228
SEPHS1,22929
SEPHS2,22928
SEPN1,57190
SEPP1,6414
SEPTIN2,4735
SEPTIN6,23157
SEPTIN7,989
SEPTIN8,23176
SERGEF,26297
SERHL2,253190
SERINC3,10955
SERP1,27230
SERPINA1,5265
SERPINA10,51156
SERPINA5,5104
SERPINA6,866
SERPINA7,6906
SERPINB12,89777
SERPINB4,6318
SERPINC1,462
SERPIND1,3053
SERPING1,710
SERPINI1,5274
SERPINI2,5276
SERTAD2,9792
SERTAD3,29946
SESN2,83667
SESTD1,91404
SET,6418
SETD5,55209
SETD6,79918
SETX,23064
SEZ6,124925
SF1,7536
SF3A3,10946
SF3B2,10992
SF3B3,23450
SFRP2,6423
SFT2D3,84826
SFTPA2,729238
SFXN1,94081
SFXN2,118980
SGCE,8910
SGCG,6445
SGCZ,137868
SGIP1,84251
SGMS1,259230
SGSM2,9905
SGSM3,27352
SGTA,6449
SH2B1,25970
SH2B3,10019
SH2D1B,117157
SH2D2A,9047
SH2D3A,10045
SH3BGR,6450
SH3BGRL,6451
SH3BGRL2,83699
SH3BGRL3,83442
SH3BP2,6452
SH3BP5,9467
SH3GLB1,51100
SH3GLB2,56904
SH3KBP1,30011
SH3RF1,57630
SH3RF2,153769
SH3TC1,54436
SHANK3,85358
SHC1,6464
SHC2,25759
SHCBP1,79801
SHCBP1L,81626
SHE,126669
SHF,90525
SHH,6469
SHISA3,152573
SHOC2,8036
SHOX2,6474
SHPK,23729
SHROOM3,57619
SI,6476
SIAE,54414
SIAH1,6477
SIGIRR,59307
SIGLEC1,6614
SIGLEC10,89790
SIGLEC11,114132
SIGLEC8,27181
SIGMAR1,10280
SIK1,150094
SIK2,23235
SIKE1,80143
SIM2,6493
SIN3A,25942
SIN3B,23309
SIRT1,23411
SIRT2,22933
SIRT3,23410
SIRT4,23409
SIRT5,23408
SIRT6,51548
SIT1,27240
SIX1,6495
SIX4,51804
SIX6,4990
SKA2,348235
SKAP1,8631
SKIL,6498
SKIV2L,6499
SKIV2L2,23517
SLA,6503
SLAIN2,57606
SLAMF1,6504
SLC10A3,8273
SLC10A4,201780
SLC12A2,6558
SLC12A3,6559
SLC14A2,8170
SLC15A4,121260
SLC16A1,6566
SLC16A10,117247
SLC16A3,9123
SLC16A7,9194
SLC17A9,63910
SLC19A2,10560
SLC19A3,80704
SLC1A2,6506
SLC1A3,6507
SLC1A5,6510
SLC20A2,6575
SLC22A12,116085
SLC22A2,6582
SLC22A23,63027
SLC22A3,6581
SLC22A5,6584
SLC22A7,10864
SLC23A3,151295
SLC24A2,25769
SLC25A1,6576
SLC25A10,1468
SLC25A12,8604
SLC25A17,10478
SLC25A18,83733
SLC25A22,79751
SLC25A24,29957
SLC25A29,123096
SLC25A31,83447
SLC25A32,81034
SLC25A33,84275
SLC25A38,54977
SLC25A39,51629
SLC25A4,291
SLC25A48,153328
SLC25A6,293
SLC26A3,1811
SLC26A9,115019
SLC27A5,10998
SLC27A6,28965
SLC29A2,3177
SLC2A2,6514
SLC2A4,6517
SLC2A5,6518
SLC2A8,29988
SLC30A3,7781
SLC30A4,7782
SLC30A5,64924
SLC30A8,169026
SLC32A1,140679
SLC34A3,142680
SLC35A2,7355
SLC35A3,23443
SLC35B1,10237
SLC35B3,51000
SLC35B4,84912
SLC35C2,51006
SLC35E1,79939
SLC35E3,55508
SLC35E4,339665
SLC35F5,80255
SLC35F6,54978
SLC36A1,206358
SLC36A4,120103
SLC37A1,54020
SLC37A4,2542
SLC38A1,81539
SLC38A5,92745
SLC38A7,55238
SLC38A9,153129
SLC39A11,201266
SLC39A13,91252
SLC39A14,23516
SLC39A3,29985
SLC39A6,25800
SLC39A7,7922
SLC39A8,64116
SLC3A1,6519
SLC3A2,6520
SLC40A1,30061
SLC41A1,254428
SLC41A3,54946
SLC43A2,124935
SLC44A2,57153
SLC45A1,50651
SLC46A1,113235
SLC4A5,57835
SLC52A2,79581
SLC5A11,115584
SLC6A12,6539
SLC6A13,6540
SLC6A15,55117
SLC6A17,388662
SLC6A3,6531
SLC6A5,9152
SLC6A6,6533
SLC6A9,6536
SLC7A1,6541
SLC7A10,56301
SLC7A11,23657
SLC7A14,57709
SLC7A2,6542
SLC7A5,8140
SLC7A6,9057
SLC7A6OS,84138
SLC7A7,9056
SLC7A9,11136
SLC8A1,6546
SLC8A2,6543
SLC9A2,6549
SLC9A3,6550
SLC9A3R1,9368
SLC9A5,6553
SLC9A6,10479
SLC9A8,23315
SLCO1C1,53919
SLCO2A1,6578
SLCO2B1,11309
SLITRK3,22865
SLITRK4,139065
SLK,9748
SLMAP,7871
SLU7,10569
SLX4,84464
SLX4IP,128710
SMAD2,4087
SMAD4,4089
SMAD6,4091
SMAD7,4092
SMAP1,60682
SMARCA5,8467
SMARCAL1,50485
SMARCC1,6599
SMARCC2,6601
SMARCD1,6602
SMARCD2,6603
SMARCE1,6605
SMC1B,27127
SMC6,79677
SMCO3,440087
SMCO4,56935
SMCR8,140775
SMG5,23381
SMG7,9887
SMG8,55181
SMG9,56006
SMIM14,201895
SMNDC1,10285
SMO,6608
SMOC1,64093
SMOC2,64094
SMOX,54498
SMPDL3A,10924
SMPDL3B,27293
SMPX,23676
SMUG1,23583
SMYD2,56950
SNAI3,333929
SNAP29,9342
SNAP47,116841
SNAPC1,6617
SNAPC2,6618
SNAPC4,6621
SNAPC5,10302
SNAPIN,23557
SNCB,6620
SNCG,6623
SND1,27044
SNRNP25,79622
SNRNP35,11066
SNRNP48,154007
SNRNP70,6625
SNRPB,6628
SNRPC,6631
SNRPD3,6634
SNRPE,6635
SNRPF,6636
SNTA1,6640
SNUPN,10073
SNX1,6642
SNX11,29916
SNX12,29934
SNX13,23161
SNX17,9784
SNX19,399979
SNX29,92017
SNX31,169166
SNX4,8723
SNX5,27131
SNX8,29886
SOCS7,30837
SOD1,6647
SOD3,6649
SOGA1,140710
SON,6651
SORCS3,22986
SORT1,6272
SOWAHC,65124
SOX11,6664
SOX13,9580
SOX14,8403
SOX17,64321
SOX2,6657
SOX3,6658
SOX5,6660
SP1,6667
SP140,11262
SP140L,93349
SP3,6670
SP5,389058
SP8,221833
SPA17,53340
SPACA6P,147650
SPACA7,122258
SPAG11B,10407
SPAG7,9552
SPAG8,26206
SPATA12,353324
SPATA2,9825
SPATA20,64847
SPATA22,84690
SPATA24,202051
SPATA2L,124044
SPATA31E1,286234
SPATA5,166378
SPATA5L1,79029
SPATA7,55812
SPATC1,375686
SPATC1L,84221
SPATS2L,26010
SPC25,57405
SPDEF,25803
SPEF1,25876
SPEF2,79925
SPEN,23013
SPESP1,246777
SPG11,80208
SPG21,51324
SPG7,6687
SPHK2,56848
SPI1,6688
SPIB,6689
SPICE1,152185
SPIN1,10927
SPIN3,169981
SPINK1,6690
SPINK13,153218
SPINK5,11005
SPINK6,404203
SPINT3,10816
SPIRE1,56907
SPOCK3,50859
SPON2,10417
SPOP,8405
SPOPL,339745
SPPL2A,84888
SPPL2B,56928
SPRED1,161742
SPRED2,200734
SPRR1B,6699
SPRR3,6707
SPRTN,83932
SPRY1,10252
SPRY2,10253
SPRY3,10251
SPRYD3,84926
SPSB1,80176
SPSB2,84727
SPSB3,90864
SPTA1,6708
SPTAN1,6709
SPTBN5,51332
SPTLC2,9517
SPTY2D1,144108
SPX,80763
SQLE,6713
SRA1,10011
SRC,6714
SRGAP1,57522
SRGAP2,23380
SRGAP3,9901
SRMS,6725
SRP14,6727
SRP19,6728
SRPK2,6733
SRPR,6734
SRR,63826
SRRM2,23524
SRRM4,84530
SRRT,51593
SRSF3,6428
SRSF6,6431
SRSF8,10929
SRXN1,140809
SS18,6760
SS18L1,26039
SS18L2,51188
SSB,6741
SSBP2,23635
SSBP4,170463
SSH2,85464
SSH3,54961
SSR1,6745
SSR4,6748
SSRP1,6749
SST,6750
SSTR2,6752
SSTR5,6755
SSUH2,51066
SSX3,10214
SSX5,6758
ST3GAL2,6483
ST3GAL3,6487
ST6GALNAC1,55808
ST6GALNAC2,10610
ST6GALNAC6,30815
ST8SIA4,7903
STAB1,23166
STAM,8027
STARD10,10809
STARD3,10948
STARD3NL,83930
STARD7,56910
STAT2,6773
STAT4,6775
STAT5B,6777
STAT6,6778
STAU1,6780
STAU2,27067
STC2,8614
STEAP1,26872
STEAP2,261729
STEAP4,79689
STIP1,10963
STK10,6793
STK11,6794
STK11IP,114790
STK17B,9262
STK19,8859
STK25,10494
STK35,140901
STK38L,23012
STK4,6789
STK40,83931
STMN2,11075
STOM,2040
STOML1,9399
STOML3,161003
STON1,11037
STOX1,219736
STOX2,56977
STPG2,285555
STRA13,201254
STRA6,64220
STRIP2,57464
STRN4,29888
STS,412
STX11,8676
STX12,23673
STX16,8675
STX17,55014
STX18,53407
STX19,415117
STX1B,112755
STX4,6810
STX6,10228
STX7,8417
STXBP2,6813
STXBP4,252983
STXBP5L,9515
STYK1,55359
STYX,6815
SUCO,51430
SUFU,51684
SULF2,55959
SULT1A2,6799
SULT1B1,27284
SULT1C2,6819
SULT1E1,6783
SULT2A1,6822
SULT2B1,6820
SUMF1,285362
SUMO1,7341
SUMO3,6612
SUN1,23353
SUN2,25777
SUOX,6821
SUPT16H,11198
SUPT4H1,6827
SUPT5H,6829
SUPT7L,9913
SUPV3L1,6832
SURF1,6834
SURF2,6835
SUSD1,64420
SUSD3,203328
SUSD4,55061
SUV420H1,51111
SUV420H2,84787
SUZ12,23512
SV2B,9899
SVEP1,79987
SWSAP1,126074
SYAP1,94056
SYCE3,644186
SYCP1,6847
SYCP2L,221711
SYMPK,8189
SYN2,6854
SYNE4,163183
SYNGR2,9144
SYNJ1,8867
SYNPO,11346
SYNPO2L,79933
SYP,6855
SYT12,91683
SYT13,57586
SYT16,83851
SYT4,6860
SYT5,6861
SYT7,9066
SYT9,143425
SYTL2,54843
SYTL3,94120
SZT2,23334
TAAR2,9287
TAC3,6866
TACO1,51204
TACR3,6870
TADA2A,6871
TAF15,8148
TAF1C,9013
TAF1L,138474
TAF4,6874
TAF5L,27097
TAF6L,10629
TAF8,129685
TAF9B,51616
TAGLN,6876
TAGLN2,8407
TAGLN3,29114
TAL2,6887
TALDO1,6888
TANC1,85461
TANC2,26115
TANGO6,79613
TANK,10010
TAOK1,57551
TAOK2,9344
TAOK3,51347
TAPBP,6892
TAPBPL,55080
TAPT1,202018
TARBP1,6894
TARS,6897
TARS2,80222
TASP1,55617
TAX1BP1,8887
TAZ,6901
TBC1D1,23216
TBC1D10B,26000
TBC1D10C,374403
TBC1D17,79735
TBC1D21,161514
TBC1D22A,25771
TBC1D22B,55633
TBC1D2B,23102
TBC1D30,23329
TBC1D4,9882
TBC1D5,9779
TBC1D7,51256
TBC1D9,23158
TBC1D9B,23061
TBCC,6903
TBCCD1,55171
TBCE,6905
TBCEL,219899
TBCK,93627
TBK1,29110
TBKBP1,9755
TBL1Y,90665
TBL3,10607
TBPL1,9519
TBR1,10716
TBRG4,9238
TBX15,6913
TBX19,9095
TBX2,6909
TBX22,50945
TBX5,6910
TCAIM,285343
TCAP,8557
TCEA2,6919
TCEA3,6920
TCEAL4,79921
TCEAL8,90843
TCEB1,6921
TCEB2,6923
TCEB3B,51224
TCERG1L,256536
TCF24,100129654
TCF25,22980
TCF7L1,83439
TCFL5,10732
TCHP,84260
TCL1A,8115
TCN1,6947
TCP10L,140290
TCP11,6954
TCP11L1,55346
TCP11L2,255394
TCTEX1D1,200132
TCTEX1D2,255758
TCTN1,79600
TDH,157739
TDO2,6999
TDP1,55775
TDP2,51567
TDRD1,56165
TDRP,157695
TECPR1,25851
TECPR2,9895
TEF,7008
TEFM,79736
TELO2,9894
TENC1,23371
TENM4,26011
TEP1,7011
TERF1,7013
TERF2,7014
TES,26136
TESK2,10420
TET1,80312
TET2,54790
TEX15,56154
TEX30,93081
TEX36,387718
TFAM,7019
TFAP2B,7021
TFAP2C,7022
TFAP2E,339488
TFCP2,7024
TFDP1,7027
TFDP2,7029
TFF1,7031
TFF2,7032
TFF3,7033
TFIP11,24144
TFPT,29844
TFRC,7037
TGDS,23483
TGFB3,7043
TGFBRAP1,9392
TGM3,7053
TGS1,96764
TH,7054
THADA,63892
THAP1,55145
THAP11,57215
THAP6,152815
THAP7,80764
THBS3,7059
THEM6,51337
THOC2,57187
THOC7,80145
THOP1,7064
THPO,7066
THRAP3,9967
THRB,7068
THRSP,7069
THY1,7070
THYN1,29087
TIFA,92610
TIGD2,166815
TIGD7,91151
TIGIT,201633
TIMM13,26517
TIMM17A,10440
TIMM17B,10245
TIMM22,29928
TIMM23,100287932
TIMM44,10469
TIMM8A,1678
TIMP1,7076
TIMP4,7079
TINAG,27283
TINCR,257000
TIPARP,25976
TIRAP,114609
TJAP1,93643
TJP2,9414
TLCD1,116238
TLE1,7088
TLE2,7089
TLE6,79816
TLK1,9874
TLK2,11011
TLN2,83660
TLR10,81793
TLR3,7098
TLR5,7100
TLR6,10333
TLX1,3195
TLX3,30012
TM2D2,83877
TM4SF20,79853
TM4SF4,7104
TM7SF2,7108
TM7SF3,51768
TM9SF2,9375
TM9SF3,56889
TM9SF4,9777
TMC1,117531
TMCC1,23023
TMCO1,54499
TMCO3,55002
TMED2,10959
TMED3,23423
TMED4,222068
TMED5,50999
TMED7,51014
TMEM104,54868
TMEM106B,54664
TMEM106C,79022
TMEM107,84314
TMEM115,11070
TMEM116,89894
TMEM123,114908
TMEM128,85013
TMEM132A,54972
TMEM135,65084
TMEM139,135932
TMEM141,85014
TMEM143,55260
TMEM147,10430
TMEM14B,81853
TMEM14C,51522
TMEM159,57146
TMEM175,84286
TMEM18,129787
TMEM180,79847
TMEM184C,55751
TMEM186,25880
TMEM187,8269
TMEM189,387521
TMEM192,201931
TMEM201,199953
TMEM205,374882
TMEM206,55248
TMEM218,219854
TMEM222,84065
TMEM223,79064
TMEM230,29058
TMEM239,100288797
TMEM241,85019
TMEM242,729515
TMEM25,84866
TMEM252,169693
TMEM27,57393
TMEM33,55161
TMEM35,59353
TMEM37,140738
TMEM41A,90407
TMEM41B,440026
TMEM43,79188
TMEM44,93109
TMEM45B,120224
TMEM5,10329
TMEM52,339456
TMEM54,113452
TMEM55A,55529
TMEM57,55219
TMEM59,9528
TMEM64,169200
TMEM68,137695
TMEM79,84283
TMEM86A,144110
TMEM8B,51754
TMEM9,252839
TMEM92,162461
TMEM9B,56674
TMF1,7110
TMIGD2,126259
TMOD4,29765
TMPRSS11D,9407
TMPRSS13,84000
TMPRSS15,5651
TMPRSS2,7113
TMSB4Y,9087
TMUB1,83590
TNFAIP6,7130
TNFRSF10A,8797
TNFRSF10C,8794
TNFRSF12A,51330
TNFRSF13B,23495
TNFRSF13C,115650
TNFRSF17,608
TNFRSF18,8784
TNFRSF1A,7132
TNFRSF1B,7133
TNFRSF9,3604
TNFSF11,8600
TNFSF12,8742
TNFSF15,9966
TNFSF4,7292
TNFSF8,944
TNIP3,79931
TNK2,10188
TNKS,8658
TNKS2,80351
TNMD,64102
TNNC1,7134
TNNI1,7135
TNNI3,7137
TNNT2,7139
TNPO1,3842
TNPO2,30000
TNPO3,23534
TNRC18,84629
TNRC6A,27327
TOB1,10140
TOE1,114034
TOLLIP,54472
TOM1,10043
TOM1L1,10040
TOM1L2,146691
TOMM20,9804
TOMM22,56993
TOMM40L,84134
TOMM7,54543
TOMM70A,9868
TOP3A,7156
TOPORS,10210
TOR1AIP2,163590
TOR3A,64222
TOX3,27324
TOX4,9878
TP53,7157
TP53BP1,7158
TP53I11,9537
TP53I3,9540
TP53INP1,94241
TP53INP2,58476
TP53TG1,11257
TPD52,7163
TPD52L1,7164
TPH2,121278
TPI1,7167
TPM3,7170
TPM4,7171
TPP1,1200
TPP2,7174
TPPP,11076
TPPP3,51673
TPR,7175
TPRA1,131601
TPRG1L,127262
TPSAB1,7177
TPT1,7178
TPTE,7179
TRA2A,29896
TRAF4,9618
TRAF5,7188
TRAF6,7189
TRAF7,84231
TRAFD1,10906
TRAM1,23471
TRAP1,10131
TRAPPC10,7109
TRAPPC12,51112
TRAPPC13,80006
TRAPPC2,6399
TRAPPC2L,51693
TRAPPC4,51399
TRAPPC5,126003
TRAPPC6A,79090
TRAPPC9,83696
TRDMT1,1787
TREM1,54210
TRH,7200
TRHDE,29953
TRIB1,10221
TRIL,9865
TRIM11,81559
TRIM14,9830
TRIM17,51127
TRIM27,5987
TRIM3,10612
TRIM31,11074
TRIM33,51592
TRIM35,23087
TRIM36,55521
TRIM37,4591
TRIM38,10475
TRIM40,135644
TRIM41,90933
TRIM44,54765
TRIM45,80263
TRIM47,91107
TRIM50,135892
TRIM54,57159
TRIM58,25893
TRIM63,84676
TRIM65,201292
TRIM8,81603
TRIOBP,11078
TRIP11,9321
TRIP12,9320
TRIT1,54802
TRMT10A,93587
TRMT112,51504
TRMT12,55039
TRMT1L,81627
TRMT2A,27037
TRMT2B,79979
TRMT5,57570
TRMU,55687
TRPA1,8989
TRPC4,7223
TRPC4AP,26133
TRPC6,7225
TRPC7,57113
TRPM1,4308
TRPM6,140803
TRPM8,79054
TRPS1,7227
TRPT1,83707
TRPV1,7442
TRPV3,162514
TRPV4,59341
TRPV6,55503
TRUB1,142940
TSACC,128229
TSC22D2,9819
TSC22D4,81628
TSEN15,116461
TSEN54,283989
TSFM,10102
TSG101,7251
TSGA10IP,254187
TSHB,7252
TSHR,7253
TSHZ2,128553
TSKS,60385
TSNAX,7257
TSPAN1,10103
TSPAN13,27075
TSPAN15,23555
TSPAN3,10099
TSPAN5,10098
TSPAN6,7105
TSPYL1,7259
TSPYL2,64061
TSPYL4,23270
TSR1,55720
TSR2,90121
TSSC1,7260
TSSC4,10078
TSSK1B,83942
TSSK4,283629
TTC1,7265
TTC12,54970
TTC13,79573
TTC17,55761
TTC19,54902
TTC21A,199223
TTC23,64927
TTC23L,153657
TTC26,79989
TTC33,23548
TTC37,9652
TTC7A,57217
TTC7B,145567
TTC9B,148014
TTF1,7270
TTF2,8458
TTI1,9675
TTI2,80185
TTLL10,254173
TTLL7,79739
TTN,7273
TTPA,7274
TTR,7276
TTYH1,57348
TUB,7275
TUBA3C,7278
TUBA4A,7277
TUBB1,81027
TUBD1,51174
TUBG2,27175
TUBGCP2,10844
TUBGCP3,10426
TUBGCP4,27229
TUFM,7284
TULP1,7287
TULP2,7288
TULP4,56995
TUSC2,11334
TWF2,11344
TWIST1,7291
TWIST2,117581
TWISTNB,221830
TWSG1,57045
TXLNB,167838
TXN,7295
TXN2,25828
TXNDC12,51060
TXNDC16,57544
TXNDC17,84817
TXNDC9,10190
TXNIP,10628
TXNL4B,54957
TXNRD1,7296
TXNRD2,10587
TYK2,7297
TYMSOS,494514
TYRO3,7301
TYROBP,7305
TYSND1,219743
TYW1,55253
TYW3,127253
U2AF1,7307
U2AF2,11338
UBA2,10054
UBA3,9039
UBA52,7311
UBAC1,10422
UBAC2,337867
UBAP1,51271
UBE2A,7319
UBE2D2,7322
UBE2D3,7323
UBE2DNL,100131816
UBE2E1,7324
UBE2E2,7325
UBE2G1,7326
UBE2H,7328
UBE2I,7329
UBE2J2,118424
UBE2K,3093
UBE2L6,9246
UBE2N,7334
UBE2NL,389898
UBE2R2,54926
UBE2T,29089
UBE2U,148581
UBE2W,55284
UBE2Z,65264
UBE3A,7337
UBE4A,9354
UBE4B,10277
UBL3,5412
UBL4A,8266
UBN1,29855
UBR1,197131
UBR3,130507
UBR4,23352
UBR5,51366
UBXN1,51035
UBXN6,80700
UBXN7,26043
UBXN8,7993
UCHL3,7347
UCHL5,51377
UCK2,7371
UCN,7349
UCP1,7350
UCP2,7351
UFD1L,7353
UFL1,23376
UFSP1,402682
UGDH,7358
UGGT1,56886
UGP2,7360
UGT2B4,7363
UHMK1,127933
UHRF1BP1L,23074
ULBP3,79465
ULK1,8408
ULK3,25989
ULK4,54986
UMOD,7369
UNC119B,84747
UNC13A,23025
UNC45B,146862
UNKL,64718
UPF1,5976
UPF2,26019
UPF3A,65110
UPF3B,65109
UPK1A,11045
UQCC1,55245
UQCC2,84300
UQCC3,790955
UQCR10,29796
UQCR11,10975
UQCRB,7381
UQCRC2,7385
URI1,8725
URM1,81605
UROD,7389
UROS,7390
USB1,79650
USF1,7391
USH1C,10083
USH1G,124590
USH2A,7399
USP10,9100
USP11,8237
USP15,9958
USP22,23326
USP24,23358
USP25,29761
USP26,83844
USP28,57646
USP3,9960
USP30,84749
USP31,57478
USP32,84669
USP33,23032
USP38,84640
USP39,10713
USP42,84132
USP44,84101
USP47,55031
USP51,158880
USP54,159195
USP6,9098
USP7,7874
USP8,9101
USP9Y,8287
USPL1,10208
UTF1,8433
UTP14A,10813
UTP6,55813
UTRN,7402
UTS2,10911
UTS2R,2837
UXS1,80146
UXT,8409
VAC14,55697
VAMP2,6844
VAMP4,8674
VAMP7,6845
VANGL1,81839
VANGL2,57216
VAPA,9218
VAPB,9217
VARS,7407
VARS2,57176
VASH1,22846
VASN,114990
VASP,7408
VAV1,7409
VAV3,10451
VBP1,7411
VCL,7414
VCPIP1,80124
VDAC3,7419
VEPH1,79674
VGLL2,245806
VGLL4,9686
VIL1,7429
VIP,7432
VIPAS39,63894
VIPR1,7433
VMA21,203547
VMP1,81671
VN1R5,317705
VPREB1,7441
VPS11,55823
VPS13C,54832
VPS16,64601
VPS26A,9559
VPS26B,112936
VPS33A,65082
VPS33B,26276
VPS36,51028
VPS37A,137492
VPS37C,55048
VPS37D,155382
VPS39,23339
VPS41,27072
VPS45,11311
VPS4A,27183
VPS4B,9525
VPS53,55275
VPS8,23355
VPS9D1,9605
VRK3,51231
VSIG4,11326
VSNL1,7447
VSTM2L,128434
VTCN1,79679
VTI1A,143187
VTI1B,10490
VTN,7448
WAC,51322
WASF2,10163
WASL,8976
WBP2,23558
WBSCR22,114049
WBSCR28,135886
WDR11,55717
WDR12,55759
WDR18,57418
WDR20,91833
WDR24,84219
WDR26,80232
WDR3,10885
WDR31,114987
WDR33,55339
WDR34,89891
WDR36,134430
WDR37,22884
WDR43,23160
WDR44,54521
WDR46,9277
WDR47,22911
WDR5,11091
WDR53,348793
WDR59,79726
WDR6,11180
WDR60,55112
WDR61,80349
WDR63,126820
WDR66,144406
WDR73,84942
WDR74,54663
WDR75,84128
WDR78,79819
WDR87,83889
WDR88,126248
WDR92,116143
WDTC1,23038
WFDC8,90199
WFIKKN2,124857
WFS1,7466
WHSC1,7468
WHSC1L1,54904
WIBG,84305
WIF1,11197
WIPI2,26100
WISP2,8839
WIZ,58525
WNK2,65268
WNK3,65267
WNK4,65266
WNT1,7471
WNT10B,7480
WNT11,7481
WNT16,51384
WNT2,7472
WNT2B,7482
WNT4,54361
WNT5B,81029
WNT7A,7476
WNT9B,7484
WRAP53,55135
WRB,7485
WRN,7486
WRNIP1,56897
WSB1,26118
WTIP,126374
WWC3,55841
WWOX,51741
WWP1,11059
WWP2,11060
XBP1,7494
XCL1,6375
XIAP,331
XIRP1,165904
XIRP2,129446
XKRX,402415
XPO5,57510
XPO6,23214
XPOT,11260
XPR1,9213
XRCC1,7515
XRCC4,7518
XRCC6BP1,91419
XRN2,22803
XXYLT1,152002
YARS,8565
YARS2,51067
YEATS2,55689
YEATS4,8089
YIF1A,10897
YIPF1,54432
YIPF2,78992
YIPF6,286451
YME1L1,10730
YOD1,55432
YPEL2,388403
YPEL3,83719
YPEL5,51646
YRDC,79693
YTHDC1,91746
YTHDF1,54915
YTHDF3,253943
YWHAB,7529
YWHAG,7532
YWHAZ,7534
YY2,404281
ZADH2,284273
ZAP70,7535
ZBED4,9889
ZBED5,58486
ZBTB1,22890
ZBTB10,65986
ZBTB12,221527
ZBTB16,7704
ZBTB18,10472
ZBTB20,26137
ZBTB21,49854
ZBTB22,9278
ZBTB24,9841
ZBTB3,79842
ZBTB34,403341
ZBTB37,84614
ZBTB39,9880
ZBTB40,9923
ZBTB41,360023
ZBTB47,92999
ZBTB5,9925
ZBTB7A,51341
ZBTB7B,51043
ZBTB7C,201501
ZBTB9,221504
ZC3H10,84872
ZC3H12C,85463
ZC3H13,23091
ZC3H15,55854
ZC3H18,124245
ZC3H7B,23264
ZC3H8,84524
ZC3HAV1L,92092
ZC3HC1,51530
ZCCHC10,54819
ZCCHC11,23318
ZCCHC13,389874
ZCCHC17,51538
ZCCHC3,85364
ZCCHC7,84186
ZCRB1,85437
ZCWPW1,55063
ZCWPW2,152098
ZDHHC1,29800
ZDHHC2,51201
ZDHHC21,340481
ZDHHC6,64429
ZDHHC7,55625
ZER1,10444
ZFAND2B,130617
ZFAND3,60685
ZFAT,57623
ZFHX3,463
ZFP1,162239
ZFP2,80108
ZFP36,7538
ZFP36L2,678
ZFP62,643836
ZFP64,55734
ZFP69B,65243
ZFPM1,161882
ZFPM2,23414
ZFX,7543
ZFY,7544
ZFYVE19,84936
ZFYVE20,64145
ZFYVE21,79038
ZFYVE26,23503
ZFYVE27,118813
ZG16B,124220
ZHX3,23051
ZIC1,7545
ZIC3,7547
ZIC4,84107
ZIM2,23619
ZIM3,114026
ZKSCAN2,342357
ZKSCAN3,80317
ZKSCAN5,23660
ZMAT1,84460
ZMAT2,153527
ZMAT3,64393
ZMAT4,79698
ZMAT5,55954
ZMIZ1,57178
ZMIZ2,83637
ZMPSTE24,10269
ZMYM1,79830
ZMYM3,9203
ZMYM6NB,100506144
ZMYND11,10771
ZMYND8,23613
ZNF10,7556
ZNF101,94039
ZNF12,7559
ZNF133,7692
ZNF135,7694
ZNF136,7695
ZNF140,7699
ZNF142,7701
ZNF143,7702
ZNF146,7705
ZNF155,7711
ZNF160,90338
ZNF174,7727
ZNF18,7566
ZNF180,7733
ZNF182,7569
ZNF185,7739
ZNF195,7748
ZNF200,7752
ZNF205,7755
ZNF211,10520
ZNF212,7988
ZNF217,7764
ZNF219,51222
ZNF22,7570
ZNF221,7638
ZNF222,7673
ZNF226,7769
ZNF229,7772
ZNF233,353355
ZNF234,10780
ZNF235,9310
ZNF239,8187
ZNF25,219749
ZNF250,58500
ZNF256,10172
ZNF26,7574
ZNF260,339324
ZNF263,10127
ZNF264,9422
ZNF266,10781
ZNF267,10308
ZNF274,10782
ZNF277,11179
ZNF280A,129025
ZNF280C,55609
ZNF282,8427
ZNF292,23036
ZNF30,90075
ZNF302,55900
ZNF317,57693
ZNF320,162967
ZNF330,27309
ZNF331,55422
ZNF337,26152
ZNF34,80778
ZNF343,79175
ZNF346,23567
ZNF347,84671
ZNF35,7584
ZNF350,59348
ZNF354A,6940
ZNF354C,30832
ZNF362,149076
ZNF366,167465
ZNF385B,151126
ZNF385C,201181
ZNF394,84124
ZNF396,252884
ZNF398,57541
ZNF408,79797
ZNF410,57862
ZNF417,147687
ZNF419,79744
ZNF425,155054
ZNF44,51710
ZNF440,126070
ZNF441,126068
ZNF442,79973
ZNF444,55311
ZNF446,55663
ZNF449,203523
ZNF45,7596
ZNF460,10794
ZNF467,168544
ZNF468,90333
ZNF471,57573
ZNF480,147657
ZNF485,220992
ZNF490,57474
ZNF491,126069
ZNF493,284443
ZNF496,84838
ZNF512,84450
ZNF512B,57473
ZNF518A,9849
ZNF524,147807
ZNF526,116115
ZNF527,84503
ZNF529,57711
ZNF541,84215
ZNF544,27300
ZNF548,147694
ZNF551,90233
ZNF552,79818
ZNF555,148254
ZNF559,84527
ZNF563,147837
ZNF564,163050
ZNF565,147929
ZNF566,84924
ZNF567,163081
ZNF577,84765
ZNF579,163033
ZNF580,51157
ZNF585A,199704
ZNF586,54807
ZNF587,84914
ZNF587B,100293516
ZNF592,9640
ZNF594,84622
ZNF599,148103
ZNF600,162966
ZNF611,81856
ZNF614,80110
ZNF615,284370
ZNF619,285267
ZNF620,253639
ZNF622,90441
ZNF625,90589
ZNF626,199777
ZNF627,199692
ZNF644,84146
ZNF645,158506
ZNF649,65251
ZNF653,115950
ZNF655,79027
ZNF662,389114
ZNF671,79891
ZNF677,342926
ZNF687,57592
ZNF688,146542
ZNF692,55657
ZNF695,57116
ZNF696,79943
ZNF70,7621
ZNF700,90592
ZNF701,55762
ZNF709,163051
ZNF71,58491
ZNF718,255403
ZNF720,124411
ZNF74,7625
ZNF746,155061
ZNF747,65988
ZNF750,79755
ZNF75A,7627
ZNF75D,7626
ZNF76,7629
ZNF763,284390
ZNF766,90321
ZNF770,54989
ZNF775,285971
ZNF777,27153
ZNF778,197320
ZNF781,163115
ZNF784,147808
ZNF786,136051
ZNF792,126375
ZNF81,347344
ZNF823,55552
ZNF829,374899
ZNF835,90485
ZNF839,55778
ZNF84,7637
ZNF85,7639
ZNF865,100507290
ZNF883,169834
ZNF90,7643
ZNF92,168374
ZNFX1,57169
ZNHIT1,10467
ZNHIT2,741
ZNHIT3,9326
ZNRF2,223082
ZNRF3,84133
ZP2,7783
ZP4,57829
ZPR1,8882
ZRANB1,54764
ZSCAN1,284312
ZSCAN16,80345
ZSCAN2,54993
ZSCAN23,222696
ZSCAN25,221785
ZSWIM2,151112
ZUFSP,221302
ZW10,9183
ZWILCH,55055
ZXDA,7789
ZYG11B,79699
ZZEF1,23140
ZZZ3,26009